Date,Open,High,Low,Close,Volume
2015-01-02,57.875790355160774,58.25416345029962,56.57512207834015,57.22151184082031,1502106
2015-01-05,56.61453975011009,56.677599543924494,54.67535961092564,54.72265625,3071856
2015-01-06,54.793593012932185,54.951249648741154,53.90283499369615,54.37580490112305,2393635
2015-01-07,54.66747441102687,55.14832593470412,54.37580943111068,54.809364318847656,2295929
2015-01-08,55.337512827199156,56.22827451368365,55.219271236603355,56.15732955932617,2874295
2015-01-09,56.18097171699208,56.314980034115116,55.21138360557164,55.30597686767578,2699640
2015-01-12,55.31386598741112,55.43998915009532,54.11567262363727,54.30485916137695,2610165
2015-01-13,54.66748374608343,55.574008735448714,52.641591694422864,53.32740020751953,4888675
2015-01-14,52.657348789396174,53.11455557682533,52.46027708381948,52.92536544799805,4763410
2015-01-15,52.92536544799805,53.61117383542837,52.63370047172112,52.92536544799805,2929769
2015-01-16,52.82287861036124,52.91747545344038,52.10554044261649,52.49180221557617,4296590
2015-01-20,53.130319298516326,53.33527258303427,52.46816280910658,53.18550109863281,3650461
2015-01-21,53.20126367502154,54.336393685527106,52.815005428104854,54.09990692138672,3449321
2015-01-22,54.51770478875351,54.80936979782578,53.87131138724224,54.58864974975586,2182355
2015-01-23,54.509824519554584,55.022206001568584,54.35216785106705,54.91973114013672,2305473
2015-01-26,54.76995926896426,55.03009440160226,54.43887916945067,54.840904235839844,1924428
2015-01-27,54.27332579482003,55.235032337456595,53.98166084284937,55.022193908691406,2601098
2015-01-28,55.12468090113525,55.31387104359537,53.61905927590709,53.737300872802734,2927622
2015-01-29,53.863432400623275,54.69901240500176,53.32739899736191,54.52558898925781,2176748
2015-01-30,54.11567045315746,54.81724195237239,54.0131956118008,54.178733825683594,2151337
2015-02-02,54.580762143793855,55.857782063073834,54.28909716693534,55.81836700439453,2739128
2015-02-03,56.314989744035465,57.52106480609615,56.30710816664334,57.339759826660156,4094137
2015-02-04,57.09539105478032,57.70236937013714,57.09539105478032,57.34764099121094,3020557
2015-02-05,58.120152665095304,59.854379352657,58.03344455940134,59.814964294433594,3272518
2015-02-06,60.16182182962523,61.41519364090893,60.059343377396765,60.823978424072266,3762841
2015-02-09,60.201227528134304,60.98950718641246,60.19334236384978,60.863380432128906,2579147
2015-02-10,61.55707802369208,62.093111383353495,61.02892982883145,61.95122146606445,2702861
2015-02-11,62.037933159379484,62.227119726681956,61.19447159691952,61.415191650390625,2276721
2015-02-12,61.67532192943476,61.82509701712945,61.360008598708106,61.53343200683594,2966872
2015-02-13,61.60459472724952,62.276785564063275,61.45433844191551,62.237247467041016,1899495
2015-02-17,62.30051593550351,62.49031753426933,61.683684132711015,62.07909393310547,1858336
2015-02-18,62.079087694567626,62.205612483821156,61.68367793390924,62.031639099121094,1737008
2015-02-19,62.10282133505413,63.10715248906628,62.01582743171085,62.798736572265625,2055420
2015-02-20,62.5535763074122,62.727556897411894,61.557148562783226,62.688018798828125,2406400
2015-02-23,62.41123832632745,62.78292385157797,62.34797592109435,62.632667541503906,1565335
2015-02-24,62.60102967632828,62.830369380150465,62.324241371426574,62.34797286987305,1206720
2015-02-25,62.41122237657955,63.38392569563621,62.41122237657955,63.14668273925781,2034900
2015-02-26,62.93317291802901,63.11505681083121,62.427044942791376,62.521942138671875,1048766
2015-02-27,62.50613247416923,62.74337547956686,62.14235746659063,62.34797286987305,1115694
2015-03-02,62.34797827120451,63.69236021686206,62.34797827120451,63.376033782958984,1844378
2015-03-03,63.249500329152006,63.4392947239904,62.680109946730475,63.2811279296875,1948169
2015-03-04,64.47524848576377,65.03672826365056,63.059686893597146,63.88214111328125,3863411
2015-03-05,63.7556367433723,63.890072073368735,63.03598988932492,63.36813735961914,1536107
2015-03-06,62.933187570363565,63.20996872348746,62.41124567359418,62.54568099975586,1807634
2015-03-09,62.015820823678425,62.66429458711468,61.91301312973046,62.45867919921875,2224945
2015-03-10,61.75486236132625,61.88139437211862,60.94031839014998,61.398990631103516,2244272
2015-03-11,61.37525584180434,61.98418429165745,60.695154497649376,60.7979621887207,3120411
2015-03-12,61.14592729255919,61.83393917963804,61.1380167933815,61.636234283447266,1729731
2015-03-13,61.42270388802501,61.47806298239942,60.46582147389948,60.73469924926758,2731970
2015-03-16,61.17755944977803,62.055358498061025,61.130103654667415,61.90510940551758,2025118
2015-03-17,61.42270594460705,62.04745540712201,61.25663585382931,61.84975051879883,1271977
2015-03-18,61.4859765563976,62.727557805188596,61.311995963880115,62.60893630981445,2162670
2015-03-19,62.379605399293375,62.648483225951324,61.99210606056681,62.61685562133789,1698713
2015-03-20,62.861995228406975,63.32857792460906,62.640566030244855,63.233680725097656,3542852
2015-03-23,63.31277074722198,63.518386166277395,63.10715532816657,63.138790130615234,1540402
2015-03-24,62.97273171154115,63.194160973998656,62.419162154351696,62.648494720458984,1367655
2015-03-25,62.624754732075374,62.798735337433946,61.24082758669115,61.25664138793945,1552570
2015-03-26,60.790056686908684,60.95613398517028,60.28393588652448,60.805877685546875,2841487
2015-03-27,60.77424039589172,61.3673550707628,60.60817030234157,61.28036117553711,1572971
2015-03-30,61.67578227084755,62.680120713257125,61.67578227084755,62.64057540893555,1329599
2015-03-31,62.47449203838186,63.463016468209304,62.34005674675273,63.059696197509766,2517946
2015-04-01,63.447190314108425,63.447190314108425,61.818109959892126,62.355865478515625,2745570
2015-04-02,62.537763368841766,64.35663829314991,62.23725078216666,64.19847869873047,4010985
2015-04-06,64.56226723208849,67.2826732893973,64.0956844540926,66.27043151855469,4708413
2015-04-07,65.91452441282188,66.2941202717569,65.51121146047632,65.54283905029297,2027146
2015-04-08,65.52705232559052,65.96991074501419,65.18700161030213,65.80384063720703,2128431
2015-04-09,65.8275569635525,66.65000410118462,65.79592216659557,66.61046600341797,2489314
2015-04-10,67.1086727545295,67.38546101812913,66.71326300593161,66.99005126953125,2560059
2015-04-13,67.1561358156311,67.19568111775331,66.22297753331758,66.40486145019531,1337830
2015-04-14,66.35739794010928,66.69744859327591,65.9066363012653,66.52346801757812,1747268
2015-04-15,66.82398778937683,66.85562258780216,66.16761070896584,66.23087310791016,1931467
2015-04-16,66.33368596641164,66.87935209165691,66.23087826195864,66.44439697265625,2191899
2015-04-17,66.00155179177663,66.20716002159782,65.44007181364148,65.8512954711914,1991833
2015-04-20,66.37321336423828,66.5471939441971,65.70893303809375,65.89872741699219,1847838
2015-04-21,65.93826483171242,66.0568863172978,65.17908012606034,65.66148376464844,2319789
2015-04-22,65.8196272475641,66.32574786157355,65.25023705811351,65.54283905029297,1815269
2015-04-23,65.37678608739216,66.11224650814479,64.94183823371844,65.78800964355469,1901165
2015-04-24,66.04107666015625,66.38903783829883,65.86709607108496,66.04107666015625,1442934
2015-04-27,65.89082204372312,66.41276382419753,65.31352836370176,65.41633605957031,1855354
2015-04-28,65.27398597073135,65.65357473308501,64.75995472310687,65.38469696044922,1879572
2015-04-29,65.29770862172427,65.51913781789054,64.53853103247586,64.79158782958984,1775900
2015-04-30,64.119401914337,65.98572562921042,64.119401914337,65.63777160644531,3901587
2015-05-01,66.34158427801782,66.77653211920415,65.99362312590652,66.69744873046875,2857951
2015-05-04,66.76071313633383,68.27908257506566,66.76071313633383,68.04183959960938,2587140
2015-05-05,68.24745462081137,68.42143521955605,66.51557352845442,66.53138732910156,2776708
2015-05-06,66.68954736910386,66.8477141682445,66.09643986709293,66.82398986816406,2375860
2015-05-07,66.75282549771072,66.97425472605826,66.12017261611987,66.30996704101562,1458800
2015-05-08,67.01378684971523,67.93113128675964,66.86353054411677,67.4803695678711,1269591
2015-05-11,67.57554432506309,68.1148800891783,67.2900161743164,67.2900161743164,1907368
2015-05-12,67.02827488835703,68.13866683555541,66.58411522185511,67.90865325927734,1742019
2015-05-13,67.96418011376765,68.60662565162332,67.61520368027873,67.70244598388672,1303830
2015-05-14,68.1465965708171,68.67006476057865,67.76588521375268,68.64627075195312,1574641
2015-05-15,68.63042116524582,69.2094112049137,68.41627505429351,69.20148468017578,1897824
2015-05-18,69.20148858956108,69.39184069893888,68.80491688231898,69.16182708740234,1310749
2015-05-19,69.24114245640554,69.83600001369261,69.05079034817209,69.15390014648438,1808111
2015-05-20,69.04285591631164,69.39977333475198,68.63042394622778,68.88423156738281,1896989
2015-05-21,69.0745833544411,69.82806525124944,68.77318770809481,69.23320770263672,1925979
2015-05-22,69.09838164547051,69.8597973334976,68.73353768107013,69.0190658569336,1785444
2015-05-26,68.4559387868357,68.98734087521797,68.12282256825002,68.35282897949219,1748342
2015-05-27,68.74940064099268,69.32839797900192,68.4242109486087,69.1380386352539,1741541
2015-05-28,68.99525862580157,69.60597636433906,68.79697280197112,69.47907257080078,1849389
2015-05-29,69.82012518065733,69.82012518065733,68.94767329699218,68.9873275756836,1963439
2015-06-01,69.2332063615034,69.2332063615034,68.329026659037,68.86836242675781,1993980
2015-06-02,68.5114531978989,69.74874909583612,68.41627714567737,69.39977264404297,1762777
2015-06-03,69.75668815387107,70.38326628508071,69.34425615647332,70.07394409179688,1573567
2015-06-04,69.77253363297163,69.85184940540336,68.85249377374404,69.034912109375,1893888
2015-06-05,69.23321739706023,69.51081906909566,68.93975545370162,69.25701141357422,2507567
2015-06-08,69.06664145064478,69.58218315472352,68.83663509007609,68.87628936767578,1724839
2015-06-09,69.13011659704053,69.4632328368722,68.40835511866042,68.66216278076172,1676762
2015-06-10,68.89216690615974,70.15326421009938,68.73354253693732,70.03429412841797,1554837
2015-06-11,70.31980747787037,70.32774122132686,69.49494360632677,69.6059799194336,1691793
2015-06-12,69.55838626962353,69.79632636350112,69.17768211941936,69.45527648925781,1546963
2015-06-15,69.28870822520241,69.75666182032288,68.86041611926142,69.24905395507812,2036570
2015-06-16,69.45528352518646,69.80426717759703,68.8604332302332,69.53459930419922,1829108
2015-06-17,69.68529435646198,70.67671628812467,69.66150034560698,70.46257019042969,2293185
2015-06-18,70.58153948124615,71.16053669786385,69.84391793366316,70.6291275024414,2016289
2015-06-19,70.4070479004356,71.28743351456272,70.16910779365979,70.71637725830078,7220394
2015-06-22,71.83470267162096,71.83470267162096,70.35945957781439,70.45463562011719,2375979
2015-06-23,70.84328426123547,70.84328426123547,69.92324423360404,70.22463989257812,3816765
2015-06-24,70.16118716974307,70.41499481046745,69.17769880481661,69.73289489746094,3239830
2015-06-25,70.38323974609375,71.0891406194374,69.95494763996352,70.38323974609375,2296167
2015-06-26,70.37532740995785,70.47050345272821,69.71702163475848,70.2801513671875,14590390
2015-06-29,69.16975114899785,69.66149884209212,66.73481391292447,67.04413604736328,4486396
2015-06-30,67.43275949808854,67.8293310647904,66.83790214803577,67.48828125,3695795
2015-07-01,67.79760538834144,68.25762524337824,67.62311360490226,68.21003723144531,2190229
2015-07-02,68.26556620285587,68.45591827071378,67.55967247184543,68.20211791992188,2398527
2015-07-06,67.53588030655608,68.2972958178243,66.82998655628036,67.2662124633789,2979040
2015-07-07,67.34553588157269,67.34553588157269,65.29130268212295,66.65550231933594,3917216
2015-07-08,65.2833661863612,65.37854222968404,61.92838178300466,62.0473518371582,7352459
2015-07-09,64.7836878922816,64.7836878922816,61.70630494490673,61.81734848022461,4989842
2015-07-10,62.85636189353075,63.10223577043856,62.49945169433754,62.816707611083984,4891777
2015-07-13,63.47500320392664,63.95088339264258,62.94360125350842,63.443275451660156,3296140
2015-07-14,63.324310097765256,63.81605780858847,63.260861807586075,63.62570571899414,2204306
2015-07-15,63.64157401515361,64.02228546142578,63.3877736033632,64.02228546142578,2438492
2015-07-16,63.61776721972921,63.65742149574468,60.881434479199186,60.91316223144531,5741432
2015-07-17,60.9528230858982,61.872863028826515,60.21520510472488,61.81734848022461,3843488
2015-07-20,61.60318862262525,62.05528202153749,61.04799266206407,61.92044448852539,4421855
2015-07-21,61.87285513597527,62.2456327556135,61.65870905539608,62.166316986083984,2760483
2015-07-22,61.98391030047288,62.15840213859273,61.26214893457067,61.46836853027344,2085841
2015-07-23,61.86493585387778,62.50737417081511,61.52388594594145,61.722171783447266,3648552
2015-07-24,62.38840273312859,62.77704065595155,61.182834685657824,61.35732650756836,2346035
2015-07-27,60.73073640256716,60.865573934705374,59.43791893787926,59.778968811035156,2957328
2015-07-28,59.707594460219426,61.66665165658945,59.699664325938514,61.349395751953125,3162285
2015-07-29,61.4445683799132,62.269432242223886,61.34939233572787,62.18218994140625,2901615
2015-07-30,60.738680639268594,62.07115261000407,60.19934485564633,61.46836853027344,3620159
2015-07-31,62.66600444133296,62.808768508831214,61.16696729448764,61.928382873535156,3937854
2015-08-03,62.17426558511594,62.301169402875246,60.952829874916056,61.19870376586914,2165892
2015-08-04,61.2224903178835,62.213919505412576,61.17490229440666,61.722171783447266,2394590
2015-08-05,62.102875678226546,62.34874953804903,61.25421778418938,61.46043014526367,2270637
2015-08-06,61.63492131707736,61.97597121979041,60.810057443407224,61.36525344848633,2479889
2015-08-07,61.626998917394296,63.451218609925846,61.420779325645924,62.808773040771484,3194138
2015-08-10,64.26480965003692,64.9490695950238,63.50894161140622,64.57511138916016,2966275
2015-08-11,63.23841554140832,63.34980348794348,61.51980692402025,61.830108642578125,3525912
2015-08-12,61.12198541345415,61.12198541345415,59.41133549549903,60.73211669921875,3543807
2015-08-13,60.47750809862099,61.95741959116039,60.38202701768336,61.28907012939453,3618727
2015-08-14,61.3925012112981,61.41637057425258,60.45363356682312,60.644588470458984,2945636
2015-08-17,60.541165624343066,61.861946912005216,60.33429295045691,61.838077545166016,1879691
2015-08-18,62.052893381543285,62.339325744539025,61.68689405929809,61.941505432128906,2036690
2015-08-19,61.71076788229619,61.91764054291032,60.85942235836999,61.265201568603516,2146088
2015-08-20,60.46955118532023,61.09811718543741,59.30790026911147,59.36359786987305,2255009
2015-08-21,58.6077232948021,59.347680839160326,57.263072766735526,57.34263610839844,3727171
2015-08-24,54.58968753206663,58.05872995230498,52.72785880723577,56.10938262939453,4671192
2015-08-25,58.17808350907812,58.711172133564396,55.83091192592028,55.8786506652832,3072929
2015-08-26,57.54950370950107,58.51224438008852,56.60268077619322,58.456546783447266,3000634
2015-08-27,59.10898664646551,60.44568199617412,58.49633476205572,59.69776916503906,3878682
2015-08-28,59.50680723353223,60.30245870268003,59.38745679744066,59.95237350463867,2326469
2015-08-31,59.99216900737011,61.217472951493214,59.840993921472275,60.087646484375,2425966
2015-09-01,58.552035675081214,59.16468759414676,56.928904222562686,57.31081771850586,2867614
2015-09-02,58.00302445176506,58.15419950233793,56.912981728428385,57.90754699707031,2017721
2015-09-03,58.32129127684053,59.291983604253836,57.94733306795224,58.28946304321289,1702411
2015-09-04,57.159638043330744,57.692726569171725,56.49129219496364,57.294898986816406,2001615
2015-09-08,62.33138017029234,62.33138017029234,57.69272810669115,60.111507415771484,2582249
2015-09-09,60.811693640015655,62.33934051315483,60.0637770813377,60.20699691772461,2214089
2015-09-10,60.01602815917216,60.199027832596734,58.735030445200145,59.8648567199707,2947903
2015-09-11,59.78530212982524,60.795778166848265,58.965781053826944,60.78782653808594,2555525
2015-09-14,60.779855429863126,61.0265079521654,60.46159481159429,60.73211669921875,1660895
2015-09-15,60.66050240591975,61.68689225183251,60.62867417476885,61.4163703918457,2456029
2015-09-16,61.66303563163952,63.516901935231196,61.575509788366865,63.3657341003418,2440401
2015-09-17,63.21455990439561,63.930640948859995,62.74512416952232,63.023597717285156,2699401
2015-09-18,62.07677425115002,62.466643009240954,61.36864483898976,61.78238296508789,3948591
2015-09-21,62.20407595471524,62.20407595471524,60.763947855143435,61.44820785522461,2042893
2015-09-22,60.75599441713954,60.76395328731413,58.13829739418758,59.22834396362305,4194707
2015-09-23,59.68185284286661,59.68185284286661,58.21785193762712,58.95780944824219,1725913
2015-09-24,57.70068176346688,58.47246394123373,56.54698612086374,57.987117767333984,2865586
2015-09-25,58.74298459425136,58.96576774580701,58.026896410102424,58.28946304321289,2210033
2015-09-28,57.629069896864216,57.676808624225096,55.83885313699404,55.99002456665039,2172811
2015-09-29,56.1412017343804,58.1701158285257,55.361464330135995,58.034854888916016,3626839
2015-09-30,59.355636729874675,60.57298520027288,59.188551175901374,60.50137710571289,3125899
2015-10-01,60.84351331373223,61.710776699727056,59.81712683788161,61.615299224853516,3352449
2015-10-02,60.49342501109317,62.092683498236234,60.2786007033563,62.044944763183594,2235801
2015-10-05,62.55415927404078,62.85650214185971,61.830112232805384,62.562110900878906,2155035
2015-10-06,62.721256390440274,62.84060323420803,61.877862371921246,62.108604431152344,2079638
2015-10-07,62.55416043085898,63.6203302195771,62.50642170127217,63.44528579711914,2243079
2015-10-08,63.25431720757815,64.88540701374336,63.14292927658957,64.36823272705078,2876204
2015-10-09,64.68650914160978,65.57763453392592,64.44780824477729,65.15594482421875,2357010
2015-10-12,64.66265635157623,65.62539008715105,64.52739175117254,65.06843566894531,1401775
2015-10-13,64.9809101951448,65.14003690844211,63.421427850077976,63.524864196777344,2574494
2015-10-14,63.50099536275441,64.19321431413496,63.00769023611173,63.779476165771484,1858933
2015-10-15,64.30460357666016,64.42395042550646,63.389608654865015,64.30460357666016,1722931
2015-10-16,64.45578141400628,64.55125889715416,63.30208550340857,64.52738952636719,2378126
2015-10-19,64.2807258942566,64.92520603660441,63.970424127383716,64.90133666992188,1934688
2015-10-20,64.94113080582643,66.10278564287157,64.58309022690213,65.45830535888672,2457461
2015-10-21,66.00730255919008,66.07891066890414,64.97295354075956,65.17186737060547,1631189
2015-10-22,65.44239501745975,67.35195926021079,65.16391418300479,67.27239227294922,3158110
2015-10-23,66.85067066343399,67.8293290394184,66.85067066343399,67.67815399169922,2958401
2015-10-26,67.47926004202655,67.70204324486575,66.96208552564133,67.65430450439453,2291276
2015-10-27,67.2644211815895,67.63837215387152,66.89841459446916,67.05754852294922,2997413
2015-10-28,67.40763095800267,68.57723697755495,66.69950170006105,68.5533676147461,3507539
2015-10-29,67.2485106678274,67.2485106678274,63.6282966880696,63.68399429321289,5816710
2015-10-30,63.7953822410452,66.54834011486746,63.7953822410452,66.19029235839844,4377594
2015-11-02,66.50855463049203,67.35194863012629,65.87203331670314,67.1689453125,2135112
2015-11-03,66.89045775057754,67.14506187760234,65.53784843166355,66.37328338623047,2231149
2015-11-04,66.71542919551439,66.71542919551439,65.82429643434138,65.89590454101562,2249998
2015-11-05,65.8402120989894,66.44490517247975,65.32303762803478,66.26190185546875,1419074
2015-11-06,66.07094409612267,66.66768551609569,65.52990028007453,66.27781677246094,2751177
2015-11-09,66.07030766753749,66.27780303869294,65.43985325531885,65.68724822998047,1200874
2015-11-10,65.59148713182341,66.35761331458775,65.26428566766857,66.26184844970703,1726510
2015-11-11,66.63692512256293,67.37112726290135,65.99848784716268,66.96412658691406,1695372
2015-11-12,65.98253631591797,66.98807476600483,65.95061226971416,65.98253631591797,2348421
2015-11-13,65.83089112440283,66.05434486930005,63.98740317678885,64.08316802978516,2520809
2015-11-16,64.11510256166164,64.81738068647405,63.81184230173056,64.77748107910156,1969166
2015-11-17,64.93709982673607,65.25631854104553,64.11511545084235,64.3864517211914,1803697
2015-11-18,64.8652733321776,65.5037107329558,64.34654203608031,65.49573516845703,3074838
2015-11-19,65.47179583119909,67.03596532899218,65.24035917967738,66.98808288574219,2669218
2015-11-20,67.40305610931868,69.87700617559149,67.33123245549648,68.79963684082031,3998459
2015-11-23,68.70387639345674,69.32635536372138,68.5203294653307,68.90338897705078,2145491
2015-11-24,68.35273023739339,69.7333451874119,68.14523485852123,69.38220977783203,2974746
2015-11-25,69.66153977041444,70.435648966806,69.56577488240234,70.00469970703125,2422029
2015-11-27,69.94085481331292,70.54736815678773,69.75730787650811,69.90095520019531,738348
2015-11-30,70.2361253247946,70.72293251692916,69.67749447793784,70.13237762451172,3532831
2015-12-01,70.4515998150097,70.93841429522807,70.06854030398617,70.73091888427734,2028219
2015-12-02,70.49947277334559,70.49947277334559,69.08693375268054,69.14279174804688,2779213
2015-12-03,69.41414516661413,69.66154021680413,68.01756418919462,68.52831268310547,2897320
2015-12-04,68.59214974041345,70.24410833066106,68.44850243060394,70.10843658447266,1702530
2015-12-07,70.05257890642879,70.44362853265977,68.72782166532608,69.05502319335938,2210629
2015-12-08,68.44051234686692,68.6001180307156,67.17959621047338,68.23301696777344,2585350
2015-12-09,67.75421167965828,69.50991101363172,66.7646314652541,67.35518646240234,4131120
2015-12-10,67.32325708518212,68.17717272584876,67.21951663842772,67.37113952636719,1976920
2015-12-11,66.02244489769885,66.64492393280602,65.22440174391144,65.43987274169922,1712671
2015-12-14,65.5675531400258,65.69524206184208,64.72960321627316,65.5595703125,2102305
2015-12-15,66.10225203976343,67.50681584900694,66.07831081755248,66.77261352539062,2653948
2015-12-16,67.17162937618171,68.59215138101084,67.1157641109021,68.44052124023438,1426709
2015-12-17,68.24101947914883,68.47245614076603,66.59704341632059,66.60502624511719,1931467
2015-12-18,66.5012730249869,67.19557568868872,65.95860051355557,66.6449203491211,3574825
2015-12-21,67.53074182344852,68.04149020320054,66.32569089262498,67.07585144042969,1781865
2015-12-22,67.5147951538542,68.24899743915032,66.97212263624924,67.60257720947266,1420744
2015-12-23,68.69590411923582,70.09248500755578,68.69590411923582,69.52587127685547,2501125
2015-12-24,69.54181847879961,69.79719630022748,69.03905292649425,69.30240631103516,958218
2015-12-28,68.99118123674486,69.58971174936349,68.65599688595863,69.5737533569336,786664
2015-12-29,70.02863383583161,70.27602885937766,69.85306973473915,69.93286895751953,989355
2015-12-30,69.7812324323181,69.89296295594657,68.87944173484871,69.06299591064453,1229625
2015-12-31,68.61610043088466,69.19068974944237,68.26495767150818,68.41658782958984,1099469
2016-01-04,67.3950853761072,67.67439718419473,66.15811025431525,67.0279769897461,2618993
2016-01-05,67.40306421713004,67.58661841923448,64.80143218470631,65.16853332519531,2853060
2016-01-06,64.0113602878293,64.13904921144292,62.93399816033086,63.436763763427734,4911223
2016-01-07,61.8566331392317,62.35939871880963,59.63806089435121,59.88545227050781,5553057
2016-01-08,60.420147461679065,61.042626415280886,58.632520716778494,58.720306396484375,3787536
2016-01-11,58.927794552792285,60.75532442752251,58.69636157424438,60.52389144897461,4103204
2016-01-12,61.61721424497465,61.80875125500518,57.92225837812736,59.813629150390625,7078546
2016-01-13,60.204679585692304,60.29246163804917,55.8872408262317,55.983009338378906,6122237
2016-01-14,56.03886609409929,56.334143537175834,52.615246498974145,55.400428771972656,8656647
2016-01-15,53.540985599761946,54.61835144887743,52.47958540725292,53.84424591064453,5657564
2016-01-19,54.522574574507374,55.017364579061145,53.08609062774498,53.7404899597168,3996908
2016-01-20,52.814751982440335,53.34146237554485,50.65204515046885,52.44765090942383,6356662
2016-01-21,52.75091614610247,53.50906326427568,51.817201289450935,51.9528694152832,4496059
2016-01-22,53.08609332989318,53.95596729567972,51.56980645817061,51.90498352050781,4120980
2016-01-25,51.73739430240587,52.02469255531142,50.93136843976969,51.29846954345703,3410071
2016-01-26,52.16834200258963,53.07811560355096,51.87306454206955,52.96638870239258,3200938
2016-01-27,52.718988113250255,53.421269861283854,52.25612216580374,52.85465621948242,4279530
2016-01-28,53.556939576136024,54.25123851815955,51.16279965765228,51.18674087524414,3269417
2016-01-29,51.2266423286346,51.936906950450805,50.67599067232642,51.82518005371094,3952409
2016-02-01,51.633644824397116,53.18983849561211,51.52990075876512,52.990325927734375,3406850
2016-02-02,52.45563074163164,52.66312248271516,50.73982792474009,51.05106735229492,3079014
2016-02-03,51.75335581177051,51.79325542083569,49.16768245685631,49.9178466796875,4677634
2016-02-04,48.68885377126124,49.90986314500437,45.48868435252897,49.662471771240234,4272968
2016-02-05,49.26344958476095,50.34879454369749,46.90122991265659,47.427940368652344,5568924
2016-02-08,46.669788760444504,47.26034357527514,44.80235945557121,45.49665832519531,5238940
2016-02-09,44.70659861499518,46.53412484841236,44.363435114674445,45.99943161010742,5892108
2016-02-10,46.430373763877114,47.38803327948506,46.374512138328384,47.052852630615234,4962999
2016-02-11,45.95953411168749,48.21002679557433,45.799924778756356,46.78950119018555,4159395
2016-02-12,47.920341527791855,49.27574773558347,47.27873059034077,49.1153450012207,4181465
2016-02-16,50.021617814600134,50.95195512218358,49.54843212661717,50.623130798339844,4812562
2016-02-17,50.95997643095081,53.08531349698016,50.84769415596058,52.940948486328125,3948591
2016-02-18,53.077291677427255,53.85524510359023,52.12289780248508,52.42766189575195,3054915
2016-02-19,52.18705867651765,52.43568346938805,51.23266475216691,52.25924301147461,2852463
2016-02-22,53.02114888174027,54.14396792256511,52.69232093305535,53.013126373291016,3322147
2016-02-23,52.61212767864302,52.88481270038701,51.48128599437218,51.65773010253906,3221816
2016-02-24,50.91185490527559,51.34493897837273,49.821114914003765,51.08027648925781,4157128
2016-02-25,51.17652073762401,53.51038108912201,50.984038914784264,53.478302001953125,3438703
2016-02-26,54.19209231380469,54.56101823190828,53.29383774581714,53.510379791259766,2959952
2016-02-29,53.50236222980809,54.26427431176638,53.24571858271736,53.478302001953125,3231956
2016-03-01,54.35250137034552,55.41116244321829,53.80713128884727,55.234718322753906,3103232
2016-03-02,55.1625315966499,55.67581888194692,54.86578635829948,55.29085159301758,2140123
2016-03-03,55.45928086385983,56.902905564782635,55.21867492208266,56.77458190917969,2874414
2016-03-04,56.65427707578001,58.121961910361705,56.14098978660348,57.36806869506836,4626215
2016-03-07,56.790617986694286,57.103404586884224,56.100886614404786,56.614173889160156,2299030
2016-03-08,56.02068457517436,56.08484639831477,54.833703621772706,55.29085159301758,2618158
2016-03-09,55.78810357983109,56.30941339682873,55.194613077387004,55.42719650268555,2179372
2016-03-10,55.53145596342076,55.65175709724702,53.86326685801541,54.833702087402344,3278125
2016-03-11,55.70789868655561,56.71843920173697,55.54749960150698,56.36555099487305,3046564
2016-03-14,55.79612758036689,56.42170087836923,55.48334458127936,56.189117431640625,1668053
2016-03-15,56.389612623231216,56.98310312232244,55.611659156847836,56.926963806152344,1641091
2016-03-16,56.758529751580355,58.129977154184566,56.726450668733634,57.85729217529297,3316301
2016-03-17,58.07384270084825,58.827735932313175,57.64075494447849,58.62723159790039,3173261
2016-03-18,58.85179507895832,58.972099867343154,57.913438899053084,58.258304595947266,3514459
2016-03-21,58.1941512097216,58.33851258776432,57.46431815976095,58.03374481201172,2017482
2016-03-22,57.440249584856616,58.98011875775991,57.440249584856616,58.75555419921875,2489433
2016-03-23,58.442766902301926,58.63525237160937,57.977600072156946,58.178104400634766,2211941
2016-03-24,57.62471327032027,58.21820376109192,56.902902780138646,58.04176330566406,2767402
2016-03-28,58.129981079658556,58.49088447322834,57.82521334742679,57.95353698730469,1338427
2016-03-29,57.664812911127946,59.32498318708939,57.54451177516352,59.284881591796875,1866926
2016-03-30,59.84629308211394,60.84078855770248,59.613709668866555,60.07887649536133,2454836
2016-03-31,60.078876948523515,60.84881152569269,59.85431239268975,60.16709899902344,2400435
2016-04-01,59.493396551179394,59.88638629084561,57.92145219216494,59.10041046142578,2159688
2016-04-04,58.78763542849193,58.93199679103201,56.5339746915241,56.80665969848633,4308042
2016-04-05,55.97256906444498,57.376095838682176,55.04223167151363,56.951026916503906,2584396
2016-04-06,56.8226947848663,57.49638841201082,56.18108389229795,57.472328186035156,2645597
2016-04-07,57.39212389020949,58.44276225396994,56.830716195019754,57.10340118408203,3811516
2016-04-08,57.78512068697645,58.66733392958131,57.319950187322895,57.41619110107422,1970478
2016-04-11,57.92948099477615,58.739513537205916,57.60867552154867,58.24226760864258,2743661
2016-04-12,58.555055024437365,58.69139754342059,57.60066104146824,58.025726318359375,2553855
2016-04-13,58.89992476139198,61.338048899206335,58.78764611450474,61.2899284362793,4970277
2016-04-14,61.426251270323334,62.31649420160037,60.60819996432193,61.90746307373047,3232434
2016-04-15,61.82725914385499,62.10796663410762,60.8808842150422,61.12950897216797,3967679
2016-04-18,61.73102845111397,61.7631111895455,60.92901473902617,61.36210250854492,1912618
2016-04-19,61.89944214303137,62.083908740656206,61.137530126391304,61.570621490478516,2931320
2016-04-20,61.82726561132338,62.05183016705105,61.12951536664789,61.45833969116211,2354028
2016-04-21,61.62675775827943,62.00370616595855,60.86484573412861,60.953067779541016,1944232
2016-04-22,60.93703080856816,61.08139216651338,60.07085536107088,60.73652648925781,2332554
2016-04-25,60.46383584726513,61.04930373311501,60.303433136771474,60.985145568847656,1697758
2016-04-26,61.23377885791279,62.484921634225984,61.12951543908955,62.45283889770508,1911783
2016-04-27,62.372642993679065,62.55710962544376,61.410226484043555,61.77113723754883,2111610
2016-04-28,60.95307223884055,61.105456114784225,59.25280397532321,60.14303970336914,2218622
2016-04-29,60.28740092280121,60.28740092280121,58.731494029823885,59.05229949951172,2588810
2016-05-02,59.405185447050506,59.405185447050506,58.803676089781035,59.11646270751953,2485019
2016-05-03,58.49891334107483,59.26884431429913,57.44025232178221,58.68337631225586,2794960
2016-05-04,58.226223909310676,58.948034370223056,55.86028090152774,56.21316909790039,6123192
2016-05-05,56.71041213307227,56.99913849275545,55.57957421997951,55.58759307861328,3541898
2016-05-06,55.49135879874797,56.67833981369259,55.21065491410692,56.509918212890625,2356652
2016-05-09,56.316639197060994,56.912582507770615,56.30858719678038,56.38911819458008,1394498
2016-05-10,56.606556859159284,57.54073545873453,56.41327587424881,57.41993713378906,1575476
2016-05-11,57.48435832861001,57.701798956569895,56.59044348421376,56.59849548339844,1661253
2016-05-12,57.13000766794379,57.37160794129996,55.97033661782601,56.107242584228516,1584901
2016-05-13,55.8898032349774,56.50185409831633,54.995888433849586,55.14085006713867,1941250
2016-05-16,55.33413325190917,55.551573892504116,54.73818998768255,55.22944259643555,2227570
2016-05-17,54.86704380629989,55.02810945384743,53.70736894495904,54.005340576171875,3569098
2016-05-18,53.844277840325745,54.82677944299511,53.497986862622255,54.2066764831543,3237921
2016-05-19,53.95701875955794,54.30330970256208,52.84566694224195,53.038944244384766,2649892
2016-05-20,53.31276285431736,54.06171982361067,53.12753752830899,53.76374816894531,2023567
2016-05-23,53.62684637358877,53.88455071712726,53.23223235989136,53.312767028808594,1009517
2016-05-24,53.65905348038376,54.99589808477488,53.43356082458332,54.810672760009766,2907341
2016-05-25,55.116694790168346,55.640159048414695,54.71402884844116,54.76234817504883,2230671
2016-05-26,54.705974348851946,55.052265283712465,53.586566893606516,54.11003112792969,2389579
2016-05-27,53.99728712821527,54.63349770171261,53.957019801159056,54.58517837524414,1548156
2016-05-31,54.778460016327664,55.12475099342244,54.448276704329636,54.730140686035156,3079133
2016-06-01,54.13419456020893,54.27110054387422,53.05505435514064,54.005340576171875,2476429
2016-06-02,53.97312327098545,55.06837102582425,53.755682653776134,55.036155700683594,2664685
2016-06-03,54.70597126842477,55.124741166303956,53.27248462030389,54.01338577270508,2096817
2016-06-06,54.190569110106985,54.552967754888805,53.63489314277368,54.38385009765625,2252384
2016-06-07,53.82010963906027,55.205273330181925,53.82010963906027,55.036155700683594,1857024
2016-06-08,55.374402827894336,55.84954779163145,55.10864284860128,55.59989547729492,1984675
2016-06-09,55.06837714526697,55.607945418861846,54.72208618400517,55.51130676269531,1529665
2016-06-10,54.89120826213209,55.140860587374824,54.069772288429775,54.22278594970703,1597785
2016-06-13,53.82011811423721,54.053662765796496,53.0872688293457,53.0872688293457,1713625
2016-06-14,52.75707888171043,53.22416812608164,52.02422968899176,52.467159271240234,1779956
2016-06-15,52.6926562703489,53.79595615057351,52.4430039643495,53.0308952331543,1733071
2016-06-16,52.4913231315195,53.40134569591836,51.69404688770978,53.344970703125,1977994
2016-06-17,53.2966554738044,54.20667810818871,53.1597494786315,53.52214813232422,3321551
2016-06-20,55.052267687857814,56.37300816244262,55.052267687857814,56.123355865478516,4502859
2016-06-21,56.010613337645125,56.27636965142539,55.15696207156919,55.704586029052734,3065414
2016-06-22,56.11530312109201,56.43743442458289,55.446880849598315,55.59183883666992,2044802
2016-06-23,56.36495806083476,56.96090136659724,56.08309407337889,56.944793701171875,2073434
2016-06-24,53.69931712718872,53.86038277528173,49.85789757192305,49.986751556396484,7418074
2016-06-27,49.302228132365045,49.398866800955524,46.74128142472893,47.56271743774414,5523471
2016-06-28,48.4646851883256,49.72905079928424,48.12644620370671,48.89956283569336,4057632
2016-06-29,49.50355711876667,50.663232042755865,49.229745136644134,50.53437805175781,4209620
2016-06-30,50.73571317420307,51.226962163693074,50.00286385767021,50.41358184814453,3782287
2016-07-01,51.13032520043645,52.33026388018747,50.71155519562373,51.235015869140625,3715241
2016-07-05,50.639056937614924,50.639056937614924,48.2311283188544,48.47272491455078,2522718
2016-07-06,48.64185713177308,49.229748466089305,47.490237794959974,49.060630798339844,2382063
2016-07-07,49.205584068087646,50.63906726831793,49.17336873875805,50.48605728149414,3723472
2016-07-08,51.20279797829915,52.45105950535211,51.186690313918525,52.22556686401367,2906029
2016-07-11,52.6523831736721,53.650992288270906,52.47521354446682,52.52353286743164,2480844
2016-07-12,53.22417957604366,54.021455927604464,53.20001990872352,53.69126892089844,2669457
2016-07-13,53.72347897114347,53.97313128556765,52.781244708315526,53.95702362060547,3300554
2016-07-14,54.76234770844831,54.86704202520452,54.077817812343085,54.09392547607422,1928962
2016-07-15,54.158347402737945,54.58517296422829,53.82816048460478,54.01338577270508,1944232
2016-07-18,53.344969150655984,54.488536322638296,53.344969150655984,54.02949905395508,1589195
2016-07-19,53.60267690813823,53.981179520869766,53.264437957507575,53.74763488769531,1533005
2016-07-20,53.77984659807534,55.14085440122577,53.7154232726578,54.97173309326172,1784609
2016-07-21,55.20528358132669,55.978400218303065,55.10059291767234,55.37440490722656,2264791
2016-07-22,55.301917452769864,55.31802511586802,54.39189496017961,55.05226516723633,2087273
2016-07-25,55.124742347324634,55.213328993965675,54.7865034233308,55.036155700683594,1675449
2016-07-26,55.20528347230993,55.93008077616872,55.068381142801016,55.89786911010742,1919656
2016-07-27,56.30858356899265,56.67903419799956,55.51130731765305,55.76095962524414,2066753
2016-07-28,53.9811774228114,54.689866959208636,52.716811988045045,54.49658966064453,4382128
2016-07-29,54.47242789592947,55.05226343424001,54.214719954460634,54.61738586425781,3116593
2016-08-01,54.59322821330886,54.93146715019475,54.24693727732949,54.601280212402344,2492416
2016-08-02,54.166401966319775,54.27109627824576,52.442999306518225,52.60406494140625,4099029
2016-08-03,51.138376937679205,53.01479361399843,50.228354266717986,51.5813102722168,5978362
2016-08-04,51.847066993605104,51.98397299529909,51.090057983943865,51.13032531738281,3687921
2016-08-05,51.54103864440867,53.5785208185139,51.46050398484041,53.361080169677734,3358534
2016-08-08,53.514764374433334,54.09714888739914,53.09414986068878,53.12650680541992,1813360
2016-08-09,53.19122292286839,53.64418706944734,52.916207267644836,53.03753662109375,1540044
2016-08-10,53.134599897246915,53.328730543119356,52.641191407733864,52.722076416015625,1440667
2016-08-11,53.15886250000421,53.32872726483912,52.85149359765403,52.859580993652344,1574879
2016-08-12,52.63310042795956,52.63310042795956,51.516863016277064,51.751434326171875,2210390
2016-08-15,51.86467244236734,52.49558871341184,51.43597051798396,52.39852523803711,2725886
2016-08-16,52.24483987453442,52.63309746402797,51.8484948889858,52.19630813598633,1748938
2016-08-17,52.44705754993387,52.61692231480813,52.155867120621615,52.536033630371094,2693317
2016-08-18,52.59266175180237,52.97282829990707,52.285289137261174,52.63310241699219,1859291
2016-08-19,52.382344354602154,52.90810973016588,52.341903695796155,52.82722473144531,2910324
2016-08-22,52.73016982342135,52.77870156675651,52.309555246001366,52.62501525878906,1473474
2016-08-23,54.59865634346842,55.02735463409752,53.72507760638194,54.88984680175781,3627317
2016-08-24,55.12441448189918,55.909020759018134,55.10015229308556,55.52885055541992,5352514
2016-08-25,55.09206121570544,55.76342185837404,54.45305383923059,55.52885055541992,3475567
2016-08-26,55.60973222486512,56.42668798397269,55.50457768106491,56.313446044921875,3785866
2016-08-29,56.23256451076891,57.300270080566406,55.88475127695445,57.300270080566406,3929384
2016-08-30,57.31644913811331,57.817948664027526,56.80686221636808,56.952457427978516,2970689
2016-08-31,56.77450435326788,58.27900290669564,56.507576121853994,57.1546745300293,3444788
2016-09-01,57.43778058167712,58.343712511120685,56.491404309381984,56.86348342895508,3978059
2016-09-02,57.23556512869535,57.31645381804491,56.55611707126051,56.75833511352539,2375144
2016-09-06,57.34880123688628,57.44586470932035,56.4833136995377,57.0009880065918,2732924
2016-09-07,57.00907888445684,57.219387995721476,56.50757933810367,56.85539627075195,1949481
2016-09-08,56.64507991991417,57.26791241572811,56.58846079180839,57.162757873535156,1933257
2016-09-09,56.56420772783768,57.01717557964045,54.946470658698125,55.01118087768555,5514404
2016-09-12,54.28318958273589,56.086965972472605,54.00008655645376,55.828128814697266,4951904
2016-09-13,55.11632469472597,55.66635596392199,54.469229950050355,55.148681640625,2616130
2016-09-14,54.83322051160446,55.80386260821482,54.74424443391554,55.358985900878906,3735880
2016-09-15,55.66636099802004,56.06270601281037,55.10015488577931,55.90093231201172,1959025
2016-09-16,55.528851966896475,56.60464871043127,55.11632848661867,56.434783935546875,3250329
2016-09-19,56.952458130658165,57.42969179385875,56.20829990954513,56.273006439208984,1759198
2016-09-20,56.51567504768474,56.62082961193606,55.375168040113,55.69062805175781,2034065
2016-09-21,56.15167433902555,56.459043223725146,55.51266702080751,56.23256301879883,2288890
2016-09-22,56.944369692400414,57.32453619192904,56.693619930939356,56.806861877441406,2136902
2016-09-23,56.55612199162324,56.677451355094185,56.14359847471272,56.224483489990234,1298581
2016-09-26,55.91710605967766,56.078879746801356,55.54502694740401,55.61782455444336,2314062
2016-09-27,55.39942342493348,55.642085775904846,54.88174914182031,55.32662582397461,3313677
2016-09-28,55.561204143574386,57.18702837341582,55.439871120188435,57.130409240722656,3113372
2016-09-29,56.847301479447765,57.44586446505755,56.192119362195065,56.36198043823242,2077013
2016-09-30,56.661257523591665,58.10913313898118,56.1193173928887,57.68852233886719,2954584
2016-10-03,57.55102017995398,58.149583177692215,57.4701314975581,57.60763931274414,1847599
2016-10-04,57.76132385204665,57.963541870806004,56.86347938261937,57.19511413574219,1592416
2016-10-05,57.41350962877109,58.190024745889076,57.25982334820793,58.05251693725586,1831852
2016-10-06,57.89074976098212,57.89074976098212,56.8473063048555,57.45396041870117,1500436
2016-10-07,57.45395871710797,57.51057785188006,56.3700746303798,56.71788787841797,1543981
2016-10-10,57.08187878244826,57.55102137050163,56.556113379324685,56.58846664428711,1048886
2016-10-11,56.40241846192931,56.531838864202655,54.6067297062047,54.84130096435547,2008296
2016-10-12,54.9949974498501,55.09206092903516,54.639093118026366,54.73616027832031,1328167
2016-10-13,54.0486204334284,54.23465999304928,52.414705058547185,53.31254959106445,2996339
2016-10-14,53.773603278333475,54.46922975830004,53.23165940696567,53.37725830078125,2820371
2016-10-17,53.32872219359513,54.06478927381856,53.27209938366506,53.725067138671875,3443952
2016-10-18,54.26700136276943,54.26700136276943,51.767598949960814,51.85657501220703,4093899
2016-10-19,52.09924854209979,53.013271608802654,51.92938744452089,52.681636810302734,3261662
2016-10-20,52.68163512371014,52.68163512371014,51.71908034565788,52.107337951660156,2021181
2016-10-21,51.60584026281375,51.83232418129111,51.02345567323561,51.702903747558594,3183640
2016-10-24,52.35807981760136,52.51984980778056,51.92128685590556,51.953643798828125,1884463
2016-10-25,51.7918700751205,51.872755070128235,50.53003396791091,51.144775390625,2499693
2016-10-26,51.015365464232914,52.85958643022862,50.69990913343992,51.98600769042969,3549533
2016-10-27,52.066889217207304,52.18013116278904,50.99109257473519,52.13159942626953,2483349
2016-10-28,52.16395533754575,52.90002618062796,52.002181647234565,52.3419075012207,2043013
2016-10-31,52.51177305920443,53.15078047873522,52.10734063954218,52.63310241699219,2521763
2016-11-01,52.827230632426705,53.53094455622636,52.422794550321235,52.73825454711914,3984262
2016-11-02,52.78678414447828,54.978818196838866,52.16395525372558,53.95964431762695,4292653
2016-11-03,53.95155635513116,55.067793700433825,53.571386162891905,53.660362243652344,2519497
2016-11-04,53.4985919823819,54.55012286459076,52.94047327397787,54.000091552734375,2305711
2016-11-07,54.991211180439635,56.1854374386095,54.991211180439635,56.17731475830078,2864751
2016-11-08,55.89297690342275,57.16031846700946,55.32430050886425,56.957218170166016,3239234
2016-11-09,54.024458755904284,55.17806425691266,51.63600985656663,53.27705383300781,9109152
2016-11-10,53.41516618877272,55.210567131155955,53.40704350749143,54.00009536743164,5038874
2016-11-11,53.61826013626847,54.000088963085524,52.862728860121315,52.992713928222656,5586461
2016-11-14,53.3664162424157,54.690623869522724,53.3664162424157,54.073204040527344,4283944
2016-11-15,54.130072731005015,54.86935498208413,53.886355338983975,54.24380874633789,3257248
2016-11-16,54.03258550579201,54.10570072303513,53.106452026374235,54.05695724487305,3160615
2016-11-17,54.000093030932675,55.356795182034624,53.21206357981313,55.2836799621582,2378365
2016-11-18,55.40553784194243,56.06358220542966,55.324299942338506,55.39741516113281,2466647
2016-11-21,55.72237242375009,56.29104879482833,55.4542795993258,55.7873649597168,2166727
2016-11-22,55.113074771495675,55.14556919060908,51.58726577366699,54.41440963745117,4168103
2016-11-23,54.21131151743384,55.03995430453743,54.000088556237316,54.479400634765625,1906414
2016-11-25,54.81248272695794,55.36490998648975,54.69062034733133,54.85309982299805,637897
2016-11-28,54.83686268679224,55.1699443678489,53.845736627445284,53.878231048583984,2177464
2016-11-29,51.051082357302555,52.180316073650296,49.15007201041133,51.53852081298828,7313448
2016-11-30,52.1965618770521,53.58576194372003,51.91222002275307,51.99346160888672,4501905
2016-12-01,52.50527905597227,53.47203336095996,52.07470672349099,53.31767654418945,3030697
2016-12-02,53.236428986320234,53.5126407547541,51.676623134172544,51.765987396240234,2783030
2016-12-05,52.36717373925988,52.72462717187075,51.554776213172055,51.79037094116211,3590691
2016-12-06,51.74974948359911,53.585771196701685,51.60351903991054,53.52077865600586,2573659
2016-12-07,53.7888678177054,57.923974316739354,53.415165330062344,57.16032028198242,6382431
2016-12-08,57.160309665121304,58.452022769649936,56.72974109505757,57.96458435058594,3180538
2016-12-09,57.777740293517276,58.16769181647256,57.25780369718718,58.102699279785156,1670797
2016-12-12,58.094578628153684,58.094578628153684,56.291054967449014,56.364173889160156,2150502
2016-12-13,56.55102173922191,57.477155255396625,55.95796990276398,56.900352478027344,2064606
2016-12-14,55.85235775337201,57.25780332643714,55.67362920293122,55.892974853515625,3348632
2016-12-15,55.811738769243604,56.94097256990778,55.64925927188318,56.09607696533203,1614129
2016-12-16,56.42915330318425,56.70536879228621,55.21868171692501,55.32429504394531,3339923
2016-12-19,55.08869143748078,55.35678422111324,54.51189247360834,54.98308181762695,2565308
2016-12-20,55.43803367509234,55.57614142618034,54.520022894663946,54.65813064575195,2283044
2016-12-21,55.1374407529426,56.51851442434728,54.85309890242127,56.20980453491211,2512935
2016-12-22,55.70612631985105,55.876732197957935,54.58501887935127,54.63376235961914,1748222
2016-12-23,54.60125818487794,55.454272634358055,54.552511016148635,55.080570220947266,1535152
2016-12-27,54.95872357303188,55.67363414103662,54.95872357303188,55.291805267333984,1355725
2016-12-28,55.81985918188904,55.966089614420646,54.64188194960022,54.68250274658203,1222109
2016-12-29,54.674381978548105,55.178065829498706,54.48752704532945,54.72312545776367,962512
2016-12-30,55.088694950510806,55.33241601455238,54.2438031491268,54.71499252319336,1577027
2017-01-03,55.11307150233506,55.7711121034087,54.12194556355361,54.86935043334961,2462471
2017-01-04,54.99934196558127,57.03846023735758,54.97497022553296,56.900352478027344,2954465
2017-01-05,56.81911071568512,56.843482455663064,56.00671322113816,56.551021575927734,2373116
2017-01-06,56.81098124013717,56.81098124013717,56.15294064226526,56.19355773925781,1699309
2017-01-09,56.25855962497887,56.37229564924118,55.25118816358774,55.291805267333984,3023897
2017-01-10,55.7061188593513,57.6315008607509,55.46240149065202,57.24967575073242,3251402
2017-01-11,56.83535927208586,58.1270725710011,56.721623254138215,58.11894989013672,3681479
2017-01-12,58.118943955708644,58.28142343659059,56.76223825690152,57.7289924621582,1971433
2017-01-13,57.68025595092021,58.34642301210826,57.58276529288661,58.19206619262695,1749535
2017-01-17,58.086453572894314,58.98821536639447,58.062081832376435,58.24081039428711,2338996
2017-01-18,58.224556419766095,58.65512872879361,57.42028165623159,58.086448669433594,2103259
2017-01-19,58.49264788860484,58.98820902396502,58.19206065642401,58.500770568847656,2224229
2017-01-20,58.37891054890597,58.53326735018449,57.103446435558226,57.40403366088867,2480724
2017-01-23,57.225300334949736,57.24154939087467,56.48601820214102,56.924713134765625,2169590
2017-01-24,57.46090055732524,58.29766971214917,57.127818910295744,58.04582595825195,3051933
2017-01-25,58.63887479533674,59.69499323326663,58.41140279050549,59.605628967285156,2350210
2017-01-26,59.15069053547882,60.02808052418285,58.151441853112885,58.37891387939453,2467482
2017-01-27,58.50889210201025,58.89884359789285,57.33091863144779,57.672122955322266,2846617
2017-01-30,57.61526394986467,57.65588474966094,56.3397996741828,56.62413787841797,2763465
2017-01-31,56.510394905331545,56.96533893387569,56.087948991494216,56.916595458984375,3325726
2017-02-01,57.33091756586394,57.90771657313022,56.867850866329334,57.68024826049805,2424773
2017-02-02,60.225330896788286,60.445579862196716,59.18935629695052,59.964298248291016,6038727
2017-02-03,60.396633454581725,60.788184287994866,59.55643240337529,60.15191650390625,2462352
2017-02-06,60.10297318285055,60.35584984039411,59.50748908163517,60.14375686645508,1757766
2017-02-07,60.14375180861154,60.54346231544751,60.00507764395386,60.453731536865234,2760841
2017-02-08,60.3150634765625,60.421106253014216,59.90719693487871,60.3150634765625,1967138
2017-02-09,60.31505830992305,60.61687833696851,59.899035809482115,60.16822814941406,2259065
2017-02-10,60.33953000494517,60.87791097249124,59.939823204216424,60.62503433227539,1997201
2017-02-13,60.83712004154011,62.060715778322574,60.83712004154011,61.99545669555664,2747718
2017-02-14,61.73442845482849,62.32990881050881,61.65285737983526,61.962833404541016,2167681
2017-02-15,61.39182090986443,62.37069979418876,61.35919322239756,62.19939422607422,1575714
2017-02-16,62.06072643133305,62.24834400628308,61.041063761039844,61.35919952392578,1799163
2017-02-17,60.86159885265475,61.661012452372574,60.86159885265475,61.55496597290039,1765521
2017-02-21,61.61207162254514,62.493060044930644,61.52234083903688,61.86494827270508,1698593
2017-02-22,61.51417699212081,62.40331758268263,61.32655945503925,62.109657287597656,2750342
2017-02-23,62.03624442757566,62.84381769254102,61.824155191668666,61.97914505004883,2459012
2017-02-24,61.53050044282613,62.7785717788131,60.89423263925674,62.558319091796875,3201893
2017-02-27,62.40332623810733,63.186427891614784,62.125981602836276,62.974342346191406,2100992
2017-02-28,62.876450881182706,63.08037670496812,61.8159972467789,62.101505279541016,2313227
2017-03-01,62.91723744531066,63.72481077029961,62.55016203607224,62.62357711791992,2886106
2017-03-02,62.42779521937854,63.49640488048166,62.03624812197545,63.12932205200195,2288771
2017-03-03,63.03144197454954,63.308790339565576,62.533848343843864,62.95802688598633,1499005
2017-03-06,62.45226786588734,62.656201123784584,61.457080695026654,61.930206298828125,1856189
2017-03-07,62.22386203977729,62.22386203977729,61.44076046608113,61.970985412597656,1489461
2017-03-08,62.09334261123809,62.69698633428831,61.799682311320105,62.50936508178711,1319697
2017-03-09,62.47674592572725,62.6235835291198,61.96284030018146,62.23202896118164,1221274
2017-03-10,62.811190326611346,63.42299009380484,62.57463309572152,62.884605407714844,1621645
2017-03-13,64.32845011397053,65.61730502190781,64.09188545867907,65.42152404785156,4893090
2017-03-14,65.01367684002545,66.72671055951828,64.73632845282503,66.0741195678711,3283852
2017-03-15,66.10673755179465,67.5097911934726,66.10673755179465,67.12640380859375,3342190
2017-03-16,67.88504187062935,67.8932015784482,66.42488480167546,67.11009979248047,2599070
2017-03-17,67.28139217423278,67.28139217423278,65.87833840899155,66.76748657226562,2602768
2017-03-20,66.79195677582037,66.88984355496117,65.92728032719033,66.17200469970703,1977636
2017-03-21,66.48197904895983,66.67775261320024,63.64324009347899,63.7574462890625,2851509
2017-03-22,63.814522801710226,64.57315256002617,62.925382322863456,64.2223892211914,3536887
2017-03-23,64.04294843707135,64.47528668472825,63.6432415924447,64.11636352539062,1790812
2017-03-24,64.27951681383348,64.91578837386989,64.01848042390431,64.36109161376953,1885417
2017-03-27,63.75744029623709,64.87498590351004,63.13748083486177,64.80973052978516,1846764
2017-03-28,64.84235344658343,66.17199941459916,64.62210821110745,65.568359375,1508429
2017-03-29,65.73151140300796,66.08227486121305,65.25838946225053,65.65809631347656,931375
2017-03-30,65.60099759550937,66.11491068122349,65.33180891591257,66.0741195678711,1192404
2017-03-31,65.93544468215025,66.19648106137203,65.52757812386567,65.65809631347656,2072838
2017-04-03,65.85386597030487,65.92728105547147,62.672523339091164,63.83086013793945,2902450
2017-04-04,63.43114572833325,63.62691926537603,61.88941427479357,61.97914505004883,3623738
2017-04-05,62.51752645446337,63.463770173654076,61.23683132389322,61.253143310546875,2995384
2017-04-06,61.17973544211707,61.726276155377946,60.85344369795107,61.27762222290039,2498500
2017-04-07,61.23683067636299,61.45707590484613,60.44557311274073,61.29393005371094,1834357
2017-04-10,61.29393245477741,62.16676483432468,61.2694607617651,61.61206817626953,1311226
2017-04-11,61.58760104213419,61.87310538585563,60.45373594907988,61.106319427490234,2280777
2017-04-12,61.106320352672164,61.285781925651854,60.43742116347436,60.592411041259766,3354716
2017-04-13,60.56793501917341,61.000269507497855,60.15191251825825,60.16006851196289,1373024
2017-04-17,60.209014198744214,60.943172454833984,60.15191481596635,60.943172454833984,1609596
2017-04-18,60.52714714896839,60.79633948708567,59.9235070989467,60.649505615234375,1448899
2017-04-19,61.220519485452684,61.87310293804567,60.983958540737554,61.48155212402344,1718636
2017-04-20,62.085184888892215,63.71664332854684,62.085184888892215,63.54534149169922,2731016
2017-04-21,63.30063062354075,63.398517396796315,62.48489761352539,62.48489761352539,1827915
2017-04-24,63.51271099676847,65.04628269427194,63.4474556281217,64.64657592773438,3124706
2017-04-25,65.60914067734889,65.86201730232364,64.54053108802624,64.7852554321289,2440520
2017-04-26,64.63842364706831,65.57650762276666,63.684012836046904,64.64657592773438,2599308
2017-04-27,65.51125417841132,65.57650954897487,64.6465778266273,65.22574615478516,2050051
2017-04-28,65.29101070806887,65.65808609861755,64.55685250230748,65.58467102050781,1925144
2017-05-01,65.5928284804644,65.98437555031015,65.0870752321378,65.25837707519531,1604943
2017-05-02,65.2991586079619,65.59282632536133,63.00695707944857,63.99399185180664,3506227
2017-05-03,69.05152738864955,72.06972783368518,68.53761437247766,70.97664642333984,14124762
2017-05-04,70.88692414905249,73.07307969306586,70.78903736309154,71.83316802978516,5288927
2017-05-05,71.94735620184117,72.06971465363274,71.03373652891308,71.53948974609375,3725620
2017-05-08,71.51495992537217,72.21882182556148,71.15485336979255,71.53952026367188,2981904
2017-05-09,71.71955004402405,72.61164803083918,71.44128156229888,72.24335479736328,2341620
2017-05-10,72.32519506016442,72.47251980751264,71.44947059999544,71.8259506225586,1983243
2017-05-11,71.67862396790125,71.93233954230286,70.84381860528589,71.0975341796875,3193542
2017-05-12,71.04025058425542,71.43310415984892,70.62285157506535,70.95022583007812,2655141
2017-05-15,71.15485035278161,71.5558833392245,70.77837025429852,70.95841979980469,2289606
2017-05-16,71.44128040604907,71.71136955552358,70.8192715831467,71.25304412841797,2749149
2017-05-17,71.25305241638428,71.28578462977295,69.61618102153676,69.73075866699219,2895411
2017-05-18,69.48522562589835,69.98447006756493,68.3639648772269,69.6734619140625,2937882
2017-05-19,70.06630787357882,70.65558445577805,69.76348653051605,70.30364990234375,2039434
2017-05-22,70.71287875673634,71.58042391448568,70.4919028031087,71.28578186035156,2063771
2017-05-23,71.25304623180912,71.49857505740061,70.62285061325969,70.71287536621094,1371950
2017-05-24,70.73743815161302,70.85202325246158,70.23819365325326,70.80291748046875,1470134
2017-05-25,70.99932694261788,72.02236862899696,70.28728593607512,70.90111541748047,1349044
2017-05-26,71.0975487780412,72.01419974464818,70.70470262052255,71.61316680908203,1201590
2017-05-30,71.32671803101654,71.59679978896602,70.87657928466797,70.87657928466797,1473952
2017-05-31,70.92566299499613,72.15331441670746,70.52463014757514,71.99781036376953,2667309
2017-06-01,72.70986777832542,73.6019658659764,72.04693243383893,72.9881362915039,3049785
2017-06-02,73.18455110690748,73.43826670642713,72.51343650940532,72.87355041503906,2766328
2017-06-05,72.79989866063006,72.84081765179555,71.78503616646982,72.12877655029297,1966303
2017-06-06,71.9896484919853,72.99632424274826,71.48221722748727,72.71805572509766,2168397
2017-06-07,72.71805746585717,73.70018035472907,71.85869900693203,72.18607330322266,1819444
2017-06-08,72.1860585436005,72.1860585436005,70.25454537590673,70.41004943847656,3670503
2017-06-09,70.51646465082766,71.06481494041222,69.85352925637578,70.13179779052734,2363094
2017-06-12,70.08268777206051,70.34459018221027,69.06782524435238,69.6980209350586,2294139
2017-06-13,70.2300089451931,70.9011311146103,69.42794301280013,70.8929443359375,2177702
2017-06-14,71.15483523798865,71.26941287436281,70.18907858431902,70.32821655273438,1088970
2017-06-15,70.3445835325686,70.77016932185822,69.76349366753341,70.31184387207031,1515229
2017-06-16,70.04176861791566,70.27911069284957,68.91232844418438,69.57525634765625,2819536
2017-06-19,69.75531569412567,70.89294268473014,69.61618515571766,70.79473114013672,1857978
2017-06-20,70.33639937724327,70.55737533292631,68.89595110248045,69.01053619384766,1932064
2017-06-21,70.38551508984182,70.6392307430908,69.85353089591001,70.23001098632812,1464408
2017-06-22,70.0990549667268,70.45916143637939,69.50977832201801,70.18089294433594,1288679
2017-06-23,70.21362639072368,70.85200874521695,69.83714639943184,70.41004943847656,1355248
2017-06-26,70.41006236964022,71.26124148172006,70.37733015520091,70.82746887207031,1361452
2017-06-27,70.11542253410136,71.0156999009467,70.11542253410136,70.78653717041016,3872001
2017-06-28,71.2285012419319,71.71137961863317,70.81109474287751,71.21212768554688,2104452
2017-06-29,71.15484087623106,71.45766227050437,70.00084039721567,70.73743438720703,1773156
2017-06-30,71.30216638030024,72.09604555962301,71.17121516380311,71.7359390258789,1912021
2017-07-03,72.2515498142934,72.9881438904896,71.79322428024695,71.85870361328125,807422
2017-07-05,71.85051953383233,72.13697486569842,71.01571387601851,71.9405517578125,1765044
2017-07-06,71.62133849990117,72.03874494704876,70.7701669498507,70.98296356201172,1393185
2017-07-07,71.04025217752819,73.11908284059609,70.85201588755505,72.93902587890625,1964394
2017-07-10,72.9799466186892,74.60045186346957,72.77533676864743,74.42039489746094,2332196
2017-07-11,74.41221969875376,75.6726110814668,73.71654468014337,75.1078872680664,2532023
2017-07-12,75.48435667928689,76.46647940587548,75.48435667928689,75.78717803955078,2280420
2017-07-13,75.78718828840296,76.2946195498225,74.97693562576838,75.11607360839844,2264791
2017-07-14,75.17336821356642,75.22247398541505,74.14213210614945,74.82962036132812,2335178
2017-07-17,75.03422072651145,75.45980651174573,74.53497629283068,75.23883056640625,1719471
2017-07-18,75.29613130095603,75.3861560646411,74.42858608136464,74.97693634033203,1538016
2017-07-19,75.12425881698564,76.07364953655564,74.82962417089408,76.02454376220703,1713029
2017-07-20,76.44193999540533,76.46649288166462,75.66442696432934,76.1964111328125,1683681
2017-07-21,75.00148478577626,75.0751434378756,73.5037514104588,74.42039489746094,2067946
2017-07-24,74.38766878381587,74.63319764427736,73.8884168351469,74.06847381591797,2464977
2017-07-25,74.78869560725502,74.78869560725502,74.0766545209973,74.42039489746094,2039791
2017-07-26,74.20760345458984,74.82961231421477,73.5692210399109,74.20760345458984,2133442
2017-07-27,74.49405154418207,74.70684816627217,73.40553789825088,74.07665252685547,1850462
2017-07-28,73.85566612225611,74.084828817724,73.41370683481942,73.61831665039062,1571539
2017-07-31,74.02754360498193,74.5758937933545,73.5610313914971,74.00299072265625,2389698
2017-08-01,74.25670498982605,74.28944464877138,72.49706192328854,73.52011108398438,2952079
2017-08-02,71.30215199191014,74.5349755093926,71.16301402455348,74.49404907226562,3199149
2017-08-03,74.67411404221093,76.62199364919135,74.64138182815249,75.99998474121094,3323817
2017-08-04,76.27825971586844,76.47468281404332,75.69716975090223,76.27007293701172,1719829
2017-08-07,76.42605045714252,76.99253710965323,75.80209988401808,76.73802947998047,1956759
2017-08-08,76.61487709058396,77.690371463328,76.54919336744554,77.10746765136719,1751801
2017-08-09,76.69697295799828,77.34555297783976,75.76103600903643,76.18795776367188,2031679
2017-08-10,75.69535381773662,75.94164906256675,74.48849964551906,74.83331298828125,2774441
2017-08-11,75.07962188367388,75.98271706649666,74.76765034101807,75.81031036376953,1769100
2017-08-14,76.60667075720224,77.00075070924576,76.41784685162953,76.75444793701172,1181667
2017-08-15,76.79550373145163,77.09105809721343,76.19617519303236,76.63130187988281,1246566
2017-08-16,77.12389651511509,77.53438618058753,76.97611186628745,77.2552490234375,1462618
2017-08-17,76.73802515053147,77.14030993488858,75.87598419189453,75.87598419189453,2292588
2017-08-18,75.64610006761849,76.08122667899802,75.08782582519767,75.7528305053711,1868835
2017-08-21,75.96628031177585,76.51634966778505,75.53116119354705,76.27825927734375,1068093
2017-08-22,76.35215905706436,77.67395621588469,76.35215905706436,77.32093048095703,1172958
2017-08-23,76.79549496164219,77.61648170807693,76.67234732330452,77.32913970947266,990906
2017-08-24,77.6082763671875,78.12549644500652,77.20598412103828,77.6082763671875,1524058
2017-08-25,78.35537570262828,78.35537570262828,77.31271572542691,77.38660430908203,1021089
2017-08-28,77.60006135039396,77.85456895010024,77.13209287123702,77.57543182373047,1160431
2017-08-29,76.99253186292135,77.56722333775599,76.83654236213243,77.38660430908203,1042443
2017-08-30,77.41944113792663,78.05981629386217,77.18956306842541,78.03518676757812,974442
2017-08-31,78.46210228362638,79.3651899099709,78.20759468383102,79.14352416992188,2053869
2017-09-01,79.29950259151475,80.45709765603533,79.2502435450479,80.1451187133789,1257899
2017-09-05,80.04662061545197,80.67878351805219,79.1435328896092,79.29952239990234,1555911
2017-09-06,79.8085391787592,80.02199261332522,79.06143347639932,79.41445922851562,1575118
2017-09-07,79.5786627472695,79.73465226381595,78.92187028895414,79.52940368652344,1553167
2017-09-08,79.52940882520949,79.77570414485386,78.65915539906311,79.35699462890625,1499362
2017-09-11,79.907046249974,80.44069097143289,79.4719196343167,80.03839874267578,1651470
2017-09-12,80.35859469934049,80.51458420005068,79.95630991990419,80.28470611572266,1740587
2017-09-13,80.2929240481139,80.71163356266399,79.99736966552712,80.44891357421875,1308960
2017-09-14,80.51458303853354,81.13853355982215,79.8577906563716,80.3667984008789,2170544
2017-09-15,80.38322216144239,82.50958878241785,80.38322216144239,82.25508117675781,2605870
2017-09-18,82.4438996478729,82.78050814641254,81.90205008418008,82.56705474853516,1626059
2017-09-19,82.78873837463087,83.14997647687763,82.09089170108363,82.83799743652344,1815627
2017-09-20,83.03502344532184,83.38804916953879,82.32897199688796,83.0432357788086,1371950
2017-09-21,83.25670097651509,83.25670097651509,82.56707409747922,82.95293426513672,1256110
2017-09-22,82.94471446899917,84.52101166696663,82.86261355495016,84.3814468383789,1621048
2017-09-25,84.36503936931797,85.10392526327821,84.06947753918236,84.9315185546875,2583084
2017-09-26,84.97256560056185,85.4569438216484,84.3978666568966,84.65237426757812,2710496
2017-09-27,85.16960274582608,85.35842663625276,80.68699128840882,81.09748840332031,5836275
2017-09-28,80.85938264048433,81.55722909792074,79.25844867965326,80.24363708496094,4744561
2017-09-29,80.24365770672495,81.53261305506402,80.15335192219767,80.78551483154297,2790666
2017-10-02,80.810135940521,82.05804443359375,80.46532256137291,82.05804443359375,1804174
2017-10-03,82.50958544151038,83.02680549260035,81.60649783092283,81.787109375,1964752
2017-10-04,81.77891754972072,83.99559020996094,81.77891754972072,83.99559020996094,2006626
2017-10-05,84.27472737605095,84.50460548180459,83.2402796364354,83.99559020996094,2208482
2017-10-06,83.70003545406516,83.84781263437887,82.39465541619079,82.46854400634766,1640375
2017-10-09,82.52601279164742,82.91188039863535,81.99236800901765,82.19761657714844,1132396
2017-10-10,80.98255031310443,81.55724929627522,79.93989027097894,80.96613311767578,2404253
2017-10-11,80.79371827744707,82.06624881766103,80.12871357754419,81.48334503173828,2613147
2017-10-12,80.28470747139244,80.73625131419864,80.02198752128105,80.53921508789062,2308455
2017-10-13,80.92507246523645,81.21242193390124,79.94809622785749,80.03019714355469,1500555
2017-10-16,80.45711391093117,80.46532624451797,79.37340719716765,80.4406967163086,2474043
2017-10-17,80.45711091598578,80.53921183114457,79.46371001845144,79.83316040039062,1897705
2017-10-18,80.0055726497442,80.33396886064361,79.57044598897845,80.2354507446289,1691078
2017-10-19,79.83315625815403,80.26827539356238,78.67555359036567,80.16155242919922,1480752
2017-10-20,80.65415135373183,80.93328850183413,79.3651960612553,79.50476837158203,1953538
2017-10-23,80.0055675608185,80.91686754854051,79.71821809235227,80.26828002929688,1165322
2017-10-24,80.5884814437251,81.15496064566916,80.3011319392987,80.67878723144531,1306812
2017-10-25,80.44069652703065,80.70340900312881,79.49655465115815,79.96451568603516,1361690
2017-10-26,80.7034084226887,81.68859701421083,80.37501222551465,81.3355712890625,1345943
2017-10-27,81.31915457967443,81.33557177423823,79.96451558790659,81.05643463134766,1876231
2017-10-30,80.65415644018542,80.78551642508563,79.99736398823602,80.66236877441406,1378154
2017-10-31,80.7034022203546,81.6885907361616,80.5884669228248,81.59007263183594,1577504
2017-11-01,82.50958490227596,83.02680494998567,81.35198970389905,81.59007263183594,2208959
2017-11-02,81.31916983144811,82.01700908328189,79.01218367127441,81.53262329101562,3675752
2017-11-03,81.41767361775331,81.45872034090493,79.34056595329982,79.54581451416016,2953629
2017-11-06,79.87421291053332,80.40785768891493,79.15994909473238,79.85779571533203,1736531
2017-11-07,80.10482993624632,80.59890104367524,79.76722229931521,80.08836364746094,1405831
2017-11-08,79.47078020567594,80.08013035176057,79.06729240568987,79.33902740478516,1426589
2017-11-09,78.82025018022455,79.264907392755,77.86505561596896,78.70496368408203,1443411
2017-11-10,78.63085662803523,79.36373010403082,78.29324900987848,78.46617126464844,2279227
2017-11-13,78.21091257551537,79.00965130506266,77.95564385898224,78.69674682617188,2638081
2017-11-14,80.7059329761436,82.58338928222656,80.7059329761436,82.58338928222656,4222862
2017-11-15,81.75170692940466,82.25401484138395,80.32714460266915,80.82945251464844,2702145
2017-11-16,81.31529277541414,82.15520083407237,81.13413363701261,81.71878051757812,1395691
2017-11-17,81.45527565607722,81.75171379698385,80.42597155910941,81.27411651611328,1837578
2017-11-20,83.99148688301791,84.80669924849244,83.42331379140272,84.10677337646484,3556572
2017-11-21,84.55142928270158,84.65024199277235,83.91737606315004,83.99148559570312,2183906
2017-11-22,83.99149367919686,84.46909098880248,82.76455658624194,82.98689270019531,2486570
2017-11-24,82.98689224485138,83.15157761161663,82.55046440583344,83.05276489257812,751113
2017-11-27,83.16804899004714,83.55506296345914,82.70691798460244,82.97865295410156,1330553
2017-11-28,83.16804899583848,83.95855822024205,82.85513706464425,83.76092529296875,1449495
2017-11-29,84.1726436104294,84.36203963214527,83.46448086773668,84.03266143798828,1529903
2017-11-30,84.48556717254253,86.45359971827168,83.3656796589455,86.19010162353516,2639274
2017-12-01,85.77837123062189,86.06657998163476,83.5715364230079,85.23489379882812,2201085
2017-12-04,85.26783477770508,86.45359487483145,83.75269645943824,85.88542175292969,3262855
2017-12-05,87.32296535364301,88.07939528803328,84.64109648235974,87.205078125,3522100
2017-12-06,86.88089874853817,88.0597410199171,83.6783670016004,83.85519409179688,2692600
2017-12-07,83.30508054192316,83.9141458876093,82.39147502849653,82.8924789428711,2962300
2017-12-08,83.97307755874509,84.41514151700386,82.74511379147509,83.71765899658203,2677600
2017-12-11,84.79827437155568,85.40734716119488,83.54084054317511,84.3758544921875,3697200
2017-12-12,85.08316022163257,85.09298603104786,83.87484049003544,84.15972900390625,2630400
2017-12-13,84.4740914698016,84.5526829590696,81.96904958228401,82.08692932128906,2130900
2017-12-14,82.10657772112349,83.13806287145118,81.50733075502502,81.58592224121094,2042400
2017-12-15,82.40127986811976,82.99070848611315,81.94939009058206,82.91211700439453,2947500
2017-12-18,83.08894627690562,83.96325592306391,82.64687480177956,82.75493621826172,1676100
2017-12-19,83.25595301266175,85.37787824451726,83.15771739894183,84.1106185913086,2233900
2017-12-20,84.62144569971667,84.8670384739775,83.79625757575073,84.35620880126953,1646400
2017-12-21,84.52320636540233,85.25998465572673,83.38365234548368,83.48189544677734,1661800
2017-12-22,83.68819989431682,83.68819989431682,82.67635881834096,83.29524993896484,906300
2017-12-26,83.14787717297382,83.61941852992959,82.97105010097737,83.3836441040039,335600
2017-12-27,83.53101206504923,83.96325774033325,83.11841800858534,83.2363052368164,691900
2017-12-28,83.53101079241317,84.08113619265026,83.22647815941,84.05166625976562,965700
2017-12-29,84.14009301753563,84.45445149515875,83.33454895019531,83.33454895019531,884800
2018-01-02,83.39347846188025,84.92597491303509,83.01035434909153,84.59197235107422,1469600
2018-01-03,84.57232257553443,86.31112358213589,84.21867588247461,85.99676513671875,1542300
2018-01-04,86.38971965341207,87.84362473006404,86.38971965341207,87.34262084960938,1708500
2018-01-05,88.21692548999198,90.09325034498193,87.94185529341289,89.95571899414062,2271100
2018-01-08,90.86933082998235,91.3310464668966,89.51366134927635,90.30937957763672,1791100
2018-01-09,90.6630317530704,92.03835282291504,90.6040918841146,91.11492156982422,2765600
2018-01-10,90.56479306189738,90.81038583406227,88.59022507512049,88.86528778076172,2333900
2018-01-11,88.9635312495344,90.64338506015017,88.55093715462469,90.43708801269531,2031600
2018-01-12,90.70232532007198,91.64540067521102,90.43708092634422,91.27210235595703,1401600
2018-01-16,92.30358175425705,92.3625216181212,90.5647883161988,90.92826080322266,2331900
2018-01-17,90.75143871434838,92.5197096766123,90.30937472123071,91.91063690185547,2119500
2018-01-18,92.26429186555748,92.34288335229209,90.82020515012009,91.45874786376953,1450100
2018-01-19,91.82221620943022,92.38216736524411,91.10508210010575,91.87133026123047,2515300
2018-01-22,92.43129166074236,92.71618017438125,90.5549667883645,91.90081787109375,1893400
2018-01-23,91.5864465814296,91.90080498431291,90.69248542313593,91.19349670410156,1489800
2018-01-24,92.05799249483246,93.02071944562647,91.23280438977747,91.8909912109375,1944200
2018-01-25,92.34287946669961,92.67688202892252,90.44690302466195,90.8594970703125,1851500
2018-01-26,91.52751140065024,93.06983369099174,91.11491734728675,92.81442260742188,2662900
2018-01-29,93.55119602000815,93.78696296746622,92.50005932292474,93.2171859741211,3313100
2018-01-30,92.74566138190751,93.59049365294648,92.33305981385038,92.96177673339844,1490200
2018-01-31,93.58067275678569,94.278155335955,92.48041443047676,93.20736694335938,3162900
2018-02-01,89.22876955298952,95.20158768938032,89.1992996189282,94.3272705078125,2753400
2018-02-02,94.32727975475537,94.51435379665179,92.66325754182682,92.76171875,2546900
2018-02-05,92.43677495880983,94.15987211380072,89.61090043237353,89.73889923095703,2658400
2018-02-06,88.42934998740101,91.9543165109479,87.54319168184246,91.17646026611328,3273300
2018-02-07,91.10753910706252,93.88418706845412,90.82199636307621,92.24971008300781,1868200
2018-02-08,91.99371170834827,92.35802644546894,87.86812169022805,87.89765930175781,2706700
2018-02-09,88.91181896964447,89.29582288945407,84.85515312270563,87.19856262207031,3252000
2018-02-12,87.87796606888615,90.88108163966903,87.27734295472958,90.0343017578125,1973200
2018-02-13,89.36475478012952,90.57584186678635,88.89213048224084,89.37459564208984,1035800
2018-02-14,88.77397066697783,91.50138405152883,88.52781392601408,91.26507568359375,1675900
2018-02-15,92.0823148076379,92.21032112687848,90.23121873042732,91.8952407836914,1327800
2018-02-16,91.22569471836245,92.4564784908387,90.95000035526503,90.97953796386719,1154600
2018-02-20,90.32968121971437,91.96416568792381,90.32968121971437,90.92045593261719,1456100
2018-02-21,90.89091951465386,92.70263717168233,90.34937915077596,91.12723541259766,1073800
2018-02-22,91.7967808368187,92.41709315814724,90.87122902953747,91.51123809814453,970100
2018-02-23,91.77708245538234,92.33831954909819,90.79245544801365,91.62938690185547,862100
2018-02-26,92.37771199756466,93.33280146350869,91.61955245414478,93.26387786865234,859300
2018-02-27,93.27372302302847,93.45095619112799,91.17646261516626,91.19615936279297,1021600
2018-02-28,91.56046418517882,91.72785648723018,89.88660126152897,89.92598724365234,1245400
2018-03-01,89.71922205306758,90.07368840212159,85.18009062245068,86.42071533203125,2284400
2018-03-02,85.72162781545002,87.81888822125991,85.5739397689351,87.247802734375,1752800
2018-03-05,86.67671831130009,87.90750212808467,86.02686836233413,87.45457458496094,2155400
2018-03-06,88.05518936358784,89.2859730640114,87.24779555659428,88.56719207763672,1384900
2018-03-07,87.65149679816662,88.28166502211496,87.01149522453181,88.04534912109375,1678200
2018-03-08,88.3112116884656,88.64598131441558,87.52350696182835,88.32105255126953,916700
2018-03-09,89.37459144994519,91.0287651468034,89.1284346945324,90.85153198242188,1147200
2018-03-12,90.92046117908738,91.63924225453614,89.778297669849,90.04414367675781,750100
2018-03-13,90.05399037552213,90.94015623557858,89.27613409347859,89.50260162353516,831000
2018-03-14,89.97522671998458,90.29030710910178,87.90751119689618,87.92720794677734,986700
2018-03-15,88.16350030476325,88.47858063649984,87.0410261534449,87.59241485595703,1367300
2018-03-16,87.75980261966363,88.35058483482976,87.38564706055195,87.94688415527344,1354800
2018-03-19,87.8484275587916,88.3013551052668,85.86932506336724,86.53887176513672,1252200
2018-03-20,87.04103673789298,87.35611710794427,86.15487084958977,86.4994888305664,1456300
2018-03-21,86.62749013046938,87.71057837012158,86.25332704818557,86.78502655029297,1169600
2018-03-22,86.1942590514246,86.66687586260103,82.18682697047893,82.50190734863281,1948600
2018-03-23,82.52159197895183,83.2994482623692,79.89263951623145,79.96156311035156,2070600
2018-03-26,81.43849855348137,83.81145323759556,81.32034060870913,83.73268127441406,1703900
2018-03-27,83.82130467781495,85.45578931563011,82.3837499728076,83.03360748291016,2325000
2018-03-28,82.69882583847038,83.35853168722566,81.04465205373404,81.54681396484375,1992500
2018-03-29,81.97020515860916,84.09700327664463,81.82250959283861,83.66376495361328,1604900
2018-04-02,83.2895962587332,83.2895962587332,79.38063328811137,80.32587432861328,1933400
2018-04-03,81.29080435145617,82.5708224820495,80.31602570523671,81.31050109863281,1437000
2018-04-04,80.24709875563508,83.0631325153904,79.7941712469335,82.92528533935547,1369500
2018-04-05,83.89023187658765,84.80593544514397,83.5160762563584,84.57947540283203,1405800
2018-04-06,83.56530216355674,84.05761569872344,81.82250804228588,82.53144073486328,1578400
2018-04-09,83.07298672685451,83.61452709587704,82.34435730276802,82.38374328613281,1136600
2018-04-10,83.51606826527461,84.95362289442768,83.46683390664336,84.70746612548828,1679700
2018-04-11,84.29392899847696,85.0520885814341,83.72284346153795,84.087158203125,1694900
2018-04-12,84.81577922959939,85.14070798100893,84.2939280596979,84.54008483886719,970600
2018-04-13,84.96346532189601,85.52470241531195,83.9886866885121,84.1954574584961,1100800
2018-04-16,85.17024443028733,86.08594793678516,84.74685447540965,85.58378601074219,969700
2018-04-17,87.16903697836582,87.46442811665662,86.4010290333402,86.77518463134766,1367600
2018-04-18,87.13950374484102,87.56289372453762,86.1942625717738,86.35179901123047,844200
2018-04-19,86.36163871598455,86.36163871598455,83.45699188761114,84.69761657714844,926500
2018-04-20,84.9339350789233,85.18009185198014,84.17576801112743,84.98316192626953,1055800
2018-04-23,85.17023926094848,85.62316679949592,84.62869138219166,85.20962524414062,1041000
2018-04-24,85.96778220031806,86.77517605142506,83.3979050924551,84.53022766113281,1410100
2018-04-25,84.18561293693192,84.33330849713766,82.99421510559324,83.90007019042969,709700
2018-04-26,83.9985244430945,86.27301785300976,83.2305166081001,86.07608795166016,1494900
2018-04-27,85.73147692713516,86.15486685904106,84.60900269131174,84.68777465820312,1135400
2018-04-30,85.12101014499233,85.24901647627544,83.24037628244919,83.2797622680664,1358400
2018-05-01,83.40776296837664,83.79176694666934,82.403446604867,83.23052978515625,1980800
2018-05-02,83.98869863682661,90.02446034306593,83.98869863682661,88.64598083496094,3382900
2018-05-03,89.58136821334563,90.4773748815307,87.82872583440964,89.7192153930664,2449500
2018-05-04,88.96104833164176,91.35369225245562,88.68535397238878,91.16661071777344,1323400
2018-05-07,91.47185273315225,92.77156011431016,90.94015323466381,91.84600830078125,1637000
2018-05-08,91.51044521370784,92.52700739686263,90.9478813099296,92.41844177246094,1762300
2018-05-09,92.77375672553077,93.20801927295271,92.43819568788145,93.1586685180664,1871200
2018-05-10,93.09944952270222,94.83648457590692,92.6651869944672,94.80687713623047,1883100
2018-05-11,94.80688158146394,95.57670516861715,94.47132054290711,94.96479797363281,1340900
2018-05-14,94.80687449001975,95.46813992043,94.32326875244476,94.4713134765625,986800
2018-05-15,93.79031044565636,94.77726521415511,93.39552703228341,94.7476577758789,1379100
2018-05-16,94.81675441353873,96.91896558373118,94.40223517376019,96.58340454101562,1280300
2018-05-17,96.22808995710591,97.38282522942303,96.1293959862003,96.94857025146484,1683200
2018-05-18,96.72156894342523,96.95843598349522,95.61617687331952,96.07017517089844,947800
2018-05-21,96.8202575126695,97.36308562614795,96.6228695786048,96.89921569824219,1134700
2018-05-22,96.91895608799905,97.50126332195136,96.66235326748742,96.8597412109375,828600
2018-05-23,96.43535442325154,97.07687656132458,95.94187701394422,96.61300659179688,928900
2018-05-24,96.17873592834059,96.60312676564942,95.47799896996872,96.4057388305664,1211100
2018-05-25,96.17874130380258,96.47483075284269,95.90239516729446,96.37613677978516,884200
2018-05-29,96.05043830929914,96.17873971917332,94.08640041730357,94.95491790771484,1467100
2018-05-30,95.36944144828068,95.4385279844153,94.52065970155961,95.21153259277344,1272500
2018-05-31,95.48787231445313,96.67221500563124,95.28061271999032,96.22808837890625,2227800
2018-06-01,97.02751623387033,97.9848635182353,96.69195524299067,97.7874755859375,1356800
2018-06-04,97.84669535644794,98.20199967625896,97.33348218886941,98.15264892578125,695300
2018-06-05,98.49809450509957,99.06065845391586,98.18226926242846,98.82378387451172,921200
2018-06-06,99.10012600723277,99.69229732703111,97.98486236624791,99.67255401611328,828600
2018-06-07,99.68242377351386,99.89955501027445,98.66586164674086,99.34686279296875,1550000
2018-06-08,99.34686637937834,99.72190646467944,98.84351736052312,99.49490356445312,1234900
2018-06-11,99.7515212662315,100.7976909439547,99.6133481967159,100.49173736572266,1308200
2018-06-12,100.66938557524452,101.1233838615096,100.09695000696225,100.63977813720703,1321000
2018-06-13,100.62991068868821,100.74834797565741,100.15617660054654,100.29434967041016,1474800
2018-06-14,100.64965216618961,101.63660695000063,100.13643146188213,101.27143096923828,1075200
2018-06-15,101.29116056430111,101.53789924518159,100.2055118744004,101.38986206054688,1818500
2018-06-18,100.39304298647998,101.88334683580207,100.28447735660349,101.5872573852539,997700
2018-06-19,100.3239535567147,100.61017134268653,98.48821708797628,99.2481689453125,2002600
2018-06-20,100.00813097056273,100.80756194324485,98.02434972849389,98.28096008300781,1294600
2018-06-21,97.7973492500275,97.7973492500275,95.08322350194999,96.0109634399414,1189000
2018-06-22,96.75117757871801,96.89922230429292,94.15548917245924,94.98452758789062,1749800
2018-06-25,94.54040066636064,94.629222983527,92.41844635226552,93.87914276123047,1191000
2018-06-26,93.95809819831061,94.37262495576135,93.1981462810754,93.64227294921875,1477000
2018-06-27,94.00744299464863,94.56013526306484,92.06314086914062,92.06314086914062,1299600
2018-06-28,91.64861926204759,91.7571848876177,88.95422946451158,90.73075103759766,1720400
2018-06-29,91.59926878216261,91.59926878216261,90.42479773914783,90.43466186523438,1426300
2018-07-02,89.82276330500643,90.98737033306676,88.33245936819674,90.94789123535156,1684400
2018-07-03,90.86893138136072,91.46110277654425,89.58588708357323,89.72406768798828,867800
2018-07-05,90.7899602307751,92.9119143297384,90.7899602307751,91.85587310791016,1824600
2018-07-06,91.78679978796985,93.17840972167241,91.2242358323996,93.03036499023438,1390900
2018-07-09,93.4646162993901,94.34300546666374,93.0402254353245,94.2837905883789,1317000
2018-07-10,93.85939959682804,95.18192293904426,93.68174743234728,95.08322143554688,1284400
2018-07-11,94.01731181200299,94.01731181200299,91.75718452566292,91.8262710571289,1010700
2018-07-12,92.23092387467496,92.27040297061289,91.0959318683966,91.8953628540039,1313400
2018-07-13,92.27039627511489,92.76387364372907,91.89535618572027,92.4085693359375,694800
2018-07-16,92.37896358116802,92.81322608301551,91.98418017311278,92.32962036132812,761500
2018-07-17,91.8065318139098,95.20165872182322,91.79666768745409,95.08322143554688,2027900
2018-07-18,94.94505096771479,95.95174910397559,94.5305317491922,95.51748657226562,1171800
2018-07-19,94.93518809457402,95.4286655126269,93.56332147477639,93.7311019897461,1068200
2018-07-20,92.79348262066543,92.99087808930646,90.92813873874408,91.72757720947266,1836300
2018-07-23,91.28344251665777,91.7571841087485,90.75048604925588,91.52031707763672,805700
2018-07-24,92.31974672247621,92.96126880555332,91.64861720215765,92.00392150878906,1651900
2018-07-25,91.30318850665863,94.30353193160062,89.54641020880021,93.95809173583984,2684300
2018-07-26,93.85939598539981,94.66869858581317,91.95457300115201,92.03353118896484,1796700
2018-07-27,92.28026647051873,93.60278218313975,91.6486160510778,92.38883209228516,1367800
2018-07-30,93.13892011946331,93.69161235596796,91.19461810621621,91.2933120727539,1677300
2018-07-31,91.81640394228911,97.11635393499085,91.77692484666069,96.79065704345703,3635800
2018-08-01,96.7314460952082,97.06700712688252,94.21470823817938,94.63909912109375,2265800
2018-08-02,93.91862381104825,95.62605142429621,92.77375261129578,95.50761413574219,1416500
2018-08-03,95.89253014905363,97.32361156974704,95.81357195939493,97.16569519042969,1433000
2018-08-06,97.25453085323964,97.48152624975111,96.60313704439552,96.7413101196289,1296800
2018-08-07,96.98804302863135,97.32361156974704,95.99122412119327,97.16569519042969,1159200
2018-08-08,96.57352723963231,97.22492103252884,95.81357534445404,96.81039428710938,1159400
2018-08-09,97.01765756634519,97.215045509748,95.43852389965336,95.45826721191406,1088900
2018-08-10,94.64896765157398,94.76739740949178,92.13222987767405,93.29683685302734,1548700
2018-08-13,93.37579227443248,93.40539971303349,91.17487980339361,91.5597915649414,1666200
2018-08-14,92.11248705467919,93.27709394102402,91.7374394369566,92.80335235595703,1332100
2018-08-15,92.33948169479503,92.53687715778652,89.00357743384224,89.79314422607422,2253300
2018-08-16,90.55310282691599,91.16501751317443,90.10897617922146,90.58271026611328,1525400
2018-08-17,90.4445271651599,91.8065219262457,90.02013634737808,91.54991912841797,1043700
2018-08-20,92.04341143658952,93.38567063523017,92.04341143658952,93.24749755859375,826300
2018-08-21,93.31657565788288,93.7607022883545,92.41844321110025,92.53688049316406,882200
2018-08-22,90.79983793626977,91.09592737626973,89.43784307797793,89.6352310180664,1720600
2018-08-23,89.81288260443168,89.84249004226976,87.76001490916225,87.92779541015625,2016700
2018-08-24,88.03636019793522,88.14492582222019,86.68423701707778,87.31588745117188,2902700
2018-08-27,87.78962394175404,90.98736282396669,87.64158674987439,90.84918975830078,2034700
2018-08-28,91.56966321124683,91.66835718319534,88.95423154034052,90.85905456542969,1473600
2018-08-29,91.17488272226412,91.17488272226412,89.41810436360097,89.59575653076172,1475400
2018-08-30,89.51679020803864,89.66483492220385,87.48366589176179,87.78961944580078,1221100
2018-08-31,87.12836717889314,87.59223713242959,86.21049892802904,86.86189270019531,1447300
2018-09-04,86.6644928482357,86.85201665739434,85.16432496456765,85.904541015625,2244800
2018-09-05,85.29263746842757,85.78611490001514,84.10829464456461,84.14777374267578,4038400
2018-09-06,84.13790412034106,84.23659810307163,82.617992690712,83.67403411865234,4487000
2018-09-07,83.59507264960628,83.9108978999074,82.35151496209633,83.22990417480469,2119400
2018-09-10,83.81220935685224,84.50308231347812,83.78260191425812,84.40438079833984,1491100
2018-09-11,84.03920840454118,84.24646802296171,83.23976984221282,83.8516845703125,1237400
2018-09-12,83.5457311039065,84.74981724795862,83.09173276809257,83.75299072265625,1926000
2018-09-13,84.3155616538216,85.47029713779877,84.3155616538216,84.94721221923828,2343600
2018-09-14,85.11498492965704,86.31907106238565,84.78929554889491,85.74663543701172,1601800
2018-09-17,85.82559293475768,86.00324510912283,84.22672336547124,84.33528900146484,1081500
2018-09-18,84.13789746629774,84.98667920441754,83.52598277397232,84.88798522949219,1699300
2018-09-19,85.18406504250265,86.94084335417233,85.18406504250265,86.1611557006836,1656000
2018-09-20,86.94084596981179,88.91475559824063,86.85202365086897,88.59893035888672,2324000
2018-09-21,89.50693396872212,91.76706138317279,88.2140180496195,89.0924072265625,5277700
2018-09-24,88.27323675700757,88.33245163346129,85.53936783609542,86.84214782714844,2054400
2018-09-25,86.57567832008498,86.57567832008498,83.39768258371375,83.7036361694336,2790700
2018-09-26,83.6246833934756,84.90772011365769,83.42728791584699,83.57533264160156,2196100
2018-09-27,83.87142728423909,83.87142728423909,82.77590678766374,83.0423812866211,1171600
2018-09-28,82.76603237795318,83.42729030474185,81.95672972117076,82.80551147460938,1530300
2018-10-01,84.13789793250567,84.26619934763279,82.94368351059616,82.99302673339844,1901100
2018-10-02,83.32859066146305,84.21685145115369,82.8252416256605,83.83193969726562,1667900
2018-10-03,84.58202654149443,85.63806791617117,83.97998348837456,84.01946258544922,1607300
2018-10-04,83.64442511228556,83.94051458480726,81.43364831502598,81.74947357177734,2252600
2018-10-05,81.03885985005832,81.27572689550662,77.5253031447493,77.97930145263672,4249500
2018-10-08,77.505558284494,79.01559790511426,77.40686431168325,78.66029357910156,2934600
2018-10-09,78.72938038502605,78.91690420492152,75.12700142085043,75.5612564086914,3782800
2018-10-10,75.1072567893415,75.94616684120007,73.84395588350263,74.64338684082031,4880100
2018-10-11,74.09069561788418,75.75865161879975,71.91939809670244,72.95569610595703,3143700
2018-10-12,74.0216089571281,74.73221760789532,71.57395777447071,73.05438995361328,2674800
2018-10-15,72.90635550907233,73.69591484980413,72.49182876058032,72.68922424316406,1625400
2018-10-16,73.60708644373653,73.74525950518625,72.65961079528108,73.31099700927734,2012200
2018-10-17,73.10374541784165,73.44917810927137,71.84044441497416,73.01492309570312,3565500
2018-10-18,72.81751440278734,73.64656024174374,71.87003882245612,73.24190521240234,5341900
2018-10-19,72.54118183622856,74.11043644120626,71.87005223369187,73.32087707519531,3269800
2018-10-22,73.84395347338362,74.1104279405032,72.75830476347845,73.31099700927734,2326700
2018-10-23,71.96873966960992,75.72904244524777,71.13970128119672,75.33425903320312,3542300
2018-10-24,74.85065338145094,75.37374578522902,71.80096646154468,71.92926788330078,3569900
2018-10-25,72.89648935790889,73.47878913330615,71.78123303408611,73.1629638671875,3054700
2018-10-26,71.44565749727369,73.71565655327686,70.72518470871213,72.76818084716797,2716100
2018-10-29,75.91656576612371,78.93665274777396,74.15978732607083,75.22570037841797,4431700
2018-10-30,75.1960991764515,75.88696462147774,72.008231411845,73.20244598388672,5574200
2018-10-31,75.60073836645265,77.39699585334952,74.7223491713687,75.79813385009766,4506500
2018-11-01,76.25213450633369,76.67652539685183,74.62365748318882,76.4297866821289,2775300
2018-11-02,77.110772138477,78.79846386246471,76.81469023050754,78.42342376708984,3739800
2018-11-05,77.99903963393724,78.08786948487894,74.74209318680971,75.10726165771484,2428100
2018-11-06,74.71247570801704,76.08434228423727,74.71247570801704,75.37374114990234,1687200
2018-11-07,75.6402120157433,77.41673359126847,74.4756051006473,77.3279037475586,2223500
2018-11-08,76.59756233021155,77.92994979901654,76.34095197485425,76.6666488647461,2028100
2018-11-09,75.82773639565556,75.82773639565556,73.90317008614922,74.6335220336914,3060900
2018-11-12,74.751959127349,75.40335295049961,73.20244029545594,73.52813720703125,2072200
2018-11-13,73.69591716561001,75.44283147449916,73.59722318615066,74.02161407470703,1557900
2018-11-14,74.22887369053205,75.20595688795515,73.88344099749035,74.02161407470703,1629700
2018-11-15,73.54786850206835,74.34730701167406,71.54435145959975,74.1696548461914,1947200
2018-11-16,73.61695069085664,74.22886534247513,72.65961091491221,73.2123031616211,1749700
2018-11-19,73.1925740539593,73.36035456845683,70.71531531394241,71.29761505126953,2119100
2018-11-20,70.64622392970745,70.96204915350873,69.49148866110902,70.13300323486328,2680000
2018-11-21,71.04100814287085,72.90635206851964,69.6888773879851,72.34378814697266,2244900
2018-11-23,71.58382824756991,73.16295437324898,71.52461337094049,72.03782653808594,1015700
2018-11-26,72.708965983136,73.50840457582527,72.00822890475852,73.46892547607422,1770400
2018-11-27,72.68922231605234,73.23204293656418,69.80731611554329,70.16261291503906,1978900
2018-11-28,70.29092491567414,71.67266319776753,69.63953110688108,71.60357666015625,1572000
2018-11-29,71.47525725505882,71.771346675714,70.50804587000317,70.5672607421875,1534400
2018-11-30,70.4093591550888,71.25814097393054,70.1527563018526,70.9620590209961,2424100
2018-12-03,73.5182584560408,75.65008436624382,73.5182584560408,73.73538970947266,2547900
2018-12-04,73.24190542710794,74.04133630319758,70.0540460479818,70.6462173461914,2465300
2018-12-06,69.20526528279147,69.40265320801548,68.09987332388367,68.95852661132812,2857200
2018-12-07,68.78087870964778,69.9750930496153,66.06675315612148,66.21479034423828,1715500
2018-12-10,65.91871345117588,66.44179830194763,64.04349778379456,64.4777603149414,2519300
2018-12-11,66.56022863092619,67.62613400429906,65.4351008541287,65.88909912109375,2890600
2018-12-12,66.9056691256114,67.58667037088527,66.0371515821171,66.49114990234375,2143000
2018-12-13,66.77736226976907,67.17213814747409,65.45483898388223,65.82001495361328,1527300
2018-12-14,65.16862646779413,66.5207573007853,64.88240866242222,65.08966827392578,1753300
2018-12-17,64.23101951200393,65.82001732559164,63.03680135528165,63.599369049072266,2413600
2018-12-18,63.92505949727255,64.67514725849814,62.32619753002266,62.56306457519531,2323400
2018-12-19,62.40515426125409,64.3297169577873,60.964201094285535,61.191200256347656,2391200
2018-12-20,61.013540889093626,62.62227814741881,60.89510737609877,61.5464973449707,3460700
2018-12-21,61.378716297229,63.086147611621335,60.63850021362305,60.63850021362305,3820000
2018-12-24,60.45098087178275,61.2208044030038,59.19754783701659,59.29624557495117,1140000
2018-12-26,59.602194451219994,60.93458557128906,58.03293630864983,60.93458557128906,1681500
2018-12-27,59.60219941408595,61.15171813964844,58.506678990231286,61.15171813964844,1781400
2018-12-28,61.19119942271165,61.398459033301215,59.94763799424035,60.579288482666016,1634500
2018-12-31,60.69771721005296,60.86549771061994,59.53311030222636,60.76680374145508,1519900
2019-01-02,59.56271667879717,60.99380179579245,58.43758888465566,60.3522834777832,2146000
2019-01-03,60.12528280511792,60.28319918271697,58.14150537320063,59.631805419921875,2717900
2019-01-04,60.10554481798721,62.1880161445785,60.09567316228256,61.803104400634766,2152000
2019-01-07,61.98076693188857,63.0762874726572,61.3688559484169,62.74072265625,1818700
2019-01-08,63.88559306440964,66.1555847835954,63.88559306440964,66.13584899902344,3054900
2019-01-09,66.87605710802438,69.99483025564172,66.87605710802438,68.6328353881836,4290600
2019-01-10,68.3466161795518,69.38292167508754,67.90248955567486,69.31383514404297,2095400
2019-01-11,69.313828204527,69.41252216330011,68.02091249604022,68.52426147460938,1685200
2019-01-14,68.21831013012918,69.82704354630984,67.81365509736229,69.4520034790039,1668400
2019-01-15,69.4125287135688,69.87639864642956,67.58666394943215,68.9091796875,2790400
2019-01-16,68.40583989242633,70.17249002008425,68.18870861541491,69.4322738647461,1802800
2019-01-17,69.0374812847343,70.22183149466339,68.68217697474228,70.21195983886719,1850200
2019-01-18,70.6560989315041,72.51157899557286,69.99484094392866,71.97862243652344,2241300
2019-01-22,71.43578720602213,71.66279012790746,70.23170864994955,70.7844009399414,1538000
2019-01-23,70.77451765609929,70.77451765609929,68.45517571464188,69.33356475830078,1492200
2019-01-24,69.58031472792902,71.02126785984527,69.42239834257877,70.88309478759766,1126900
2019-01-25,71.06075171901755,72.53131238928412,70.902835323083,72.0477066040039,2447300
2019-01-28,71.47526561758356,72.23522503890842,70.88309423685658,72.07730865478516,1604700
2019-01-29,71.6134393553468,72.00822278946204,70.9225739930459,71.48513793945312,1989200
2019-01-30,71.63317822318902,73.0247805179996,70.9817844678418,72.827392578125,1971200
2019-01-31,75.0085593267158,78.68003211959166,74.95920857836984,78.09772491455078,4072400
2019-02-01,77.18972870369966,77.69307772549695,76.084336692856,77.00220489501953,4403900
2019-02-04,77.06142445681152,77.73255395116395,75.44281935805569,77.56476593017578,2991200
2019-02-05,77.4262168122121,78.17840263526377,77.30744705283311,77.85179901123047,1816300
2019-02-06,77.66374296621184,78.22788606677253,77.32723244866442,77.47569274902344,1568800
2019-02-07,76.45629038664273,76.77300222600995,74.88263055850727,75.43687438964844,2301000
2019-02-08,74.96178947191507,75.03106993843883,72.87346855826414,74.91230773925781,2072200
2019-02-11,74.92220930146156,75.89214350997302,74.68467732119558,75.27851104736328,1421200
2019-02-12,75.75358553089413,76.85218136535737,75.60512520577637,76.36721801757812,2213000
2019-02-13,78.42583526121439,79.13843872720406,77.89138266172213,78.70295715332031,2427200
2019-02-14,77.91117445959023,79.1879209639621,77.09960004026135,78.83161926269531,1787300
2019-02-15,79.52443712373471,80.34591104632044,78.97019329693269,80.11827087402344,1588600
2019-02-19,79.91042455935704,80.78138772086847,79.87083463828786,80.46467590332031,1203700
2019-02-20,80.80118003516591,81.5632728121393,80.66261908498993,80.8704605102539,1066700
2019-02-21,80.52405387779311,81.18716804015105,80.06878112971131,80.2865219116211,1073700
2019-02-22,80.59333382867129,81.56326797336695,80.31621194475969,81.51377868652344,926100
2019-02-25,82.17690231238423,83.07755608986832,81.909679765255,82.19670104980469,1361700
2019-02-26,81.73152822490769,82.45402356380926,81.54347797595798,81.91957092285156,883300
2019-02-27,81.70182423962508,82.73113187781789,81.16737168652234,82.45401000976562,1060400
2019-02-28,82.09772093505181,82.45402269192266,81.43460671293327,82.2560806274414,1942200
2019-03-01,83.12703002668319,83.94850387936972,82.57278624704175,83.4041519165039,1683700
2019-03-04,83.59220253580428,84.08706521305935,82.01854284661569,83.08744049072266,3009700
2019-03-05,83.03795776258492,83.4932305141055,82.57278564335593,83.12702941894531,1361100
2019-03-06,82.78062334642681,83.37445701521084,81.4642868874356,81.61274719238281,1433700
2019-03-07,81.0189138899828,81.68202803060696,80.00938985258037,81.29603576660156,1415100
2019-03-08,80.40529397459727,81.26635784014462,80.17766134815764,80.94964599609375,1733500
2019-03-11,81.14757214574232,82.22637660822545,81.03870176280353,81.73151397705078,1307400
2019-03-12,82.03833297779954,82.57278556849266,81.58306022669173,81.62265014648438,1193200
2019-03-13,81.84039391683328,82.57278858221531,81.4840921767003,81.5038833618164,1480200
2019-03-14,81.15747794977939,81.15747794977939,79.84114143420638,80.2667236328125,1249500
2019-03-15,80.80117759189915,81.6919319239569,80.47456641164376,81.11788940429688,2187100
2019-03-18,80.91004915590639,81.12778994589354,79.69268362598069,80.16775512695312,1856300
2019-03-19,80.83086594872445,82.74103613907938,80.73189492585216,81.95915222167969,1951000
2019-03-20,81.74141776026522,81.87998626420533,79.34628408696243,79.6036148071289,2090300
2019-03-21,79.57391633730182,80.53395109499354,79.17802470358293,80.06877899169922,1267600
2019-03-22,79.3660849852248,79.77186848672585,76.78290099786916,76.81259155273438,1723200
2019-03-25,76.80268569526858,77.78251167806722,76.31772238776291,77.21836853027344,1178000
2019-03-26,77.80231693762042,78.47533053449347,77.5350868419912,78.16851806640625,809000
2019-03-27,78.3664576072273,78.66337824813415,76.55525830990776,76.91156005859375,1715200
2019-03-28,77.32724579912868,78.78214340202545,77.2678646891348,78.00025939941406,1076700
2019-03-29,78.53470260912509,79.13843565823117,78.27737191171799,78.67326354980469,1547400
2019-04-01,79.8510344683861,81.82058562618006,79.56401323618425,81.73151397705078,1298100
2019-04-02,81.75132304486652,82.22639459716919,81.19707919301854,82.07793426513672,1158900
2019-04-03,83.29529043108009,84.91843942731835,83.27549169519617,84.10686492919922,1466300
2019-04-04,84.24541990607023,85.85866942003894,84.09695960148305,85.5518569946289,1006400
2019-04-05,85.66073773353213,86.35354250399284,85.49247867412966,86.0467300415039,901400
2019-04-08,86.10610661098389,87.70946441796411,86.00713558485049,87.58079528808594,1373300
2019-04-09,86.46240242739316,86.81870413788829,85.83887820952906,86.6108627319336,1503300
2019-04-10,86.41291356488273,87.71935065942013,86.15559042349241,87.65007019042969,778500
2019-04-11,87.6401806718949,88.23401435752558,87.03644761871895,88.16473388671875,861800
2019-04-12,89.06537920124,90.28274466412101,88.88722834206241,89.85716247558594,1377700
2019-04-15,89.74829213743168,89.94623418062783,88.44185501972423,88.79815673828125,954500
2019-04-16,88.77836325300191,89.32271523048738,88.44186024946937,89.19405364990234,1170900
2019-04-17,89.84726104520847,90.38171361047003,89.47116815158208,89.78787994384766,1174500
2019-04-18,89.24352981976695,89.73839247714749,88.44185473113203,89.41178131103516,1288800
2019-04-22,88.82785438534191,89.59983898688093,88.53093374582434,88.81795501708984,888200
2019-04-23,88.63979896535842,88.86743911582418,87.92719551295008,88.57051849365234,1080500
2019-04-24,88.57051672659269,88.62990538044525,87.9766830451016,88.03606414794922,1177400
2019-04-25,87.22449338444146,87.35316251407069,84.29490722073004,84.57202911376953,1700600
2019-04-26,85.42318993181304,86.1357933701981,84.48295389844688,85.62113952636719,1388400
2019-04-29,85.26485073099683,85.74981409690305,84.82936910797552,84.9580307006836,973100
2019-04-30,84.61161659402732,85.25493957060336,83.67138054818894,84.8194580078125,1365900
2019-05-01,85.09659338624148,85.26484489233982,82.70145217464179,82.78063201904297,1530800
2019-05-02,74.23930229758588,79.58382081871673,73.25946874219157,78.96028900146484,2929500
2019-05-03,78.77223640494657,79.8312497706534,78.01015121347174,79.3561782836914,1471400
2019-05-06,77.0996025033816,79.11864302472796,76.52556001622331,78.881103515625,1776800
2019-05-07,77.71992611733201,78.98036081662448,77.47180988524052,78.83148956298828,2438000
2019-05-08,78.82156595247477,80.23086438997689,78.62307598760935,79.11930847167969,1831300
2019-05-09,77.36263657416818,77.92834126902984,75.56627751313326,77.32294464111328,1868500
2019-05-10,76.71753589625777,77.41225826215579,75.17921235074745,76.64806365966797,1218900
2019-05-13,74.77230139807567,74.84178120961005,72.06287648067163,72.75759887695312,2186600
2019-05-14,73.27368830418445,74.66314073393482,72.89654678113548,74.16690826416016,1241100
2019-05-15,73.19429052579481,75.05020271992849,72.14228009514608,74.47457122802734,1646000
2019-05-16,74.74252911590958,74.7524558850327,72.94617007184424,73.15458679199219,1998400
2019-05-17,72.73775899995636,74.04781246540526,72.60874127896231,73.09504699707031,1616400
2019-05-20,72.23158738613316,72.93623648992991,71.78498125209053,72.18196868896484,1322300
2019-05-21,72.69805721329345,73.1049714752141,71.76513774208543,71.83460998535156,1158400
2019-05-22,71.29868170471437,71.37808072168166,68.49001151963624,68.82744598388672,2612000
2019-05-23,68.12279031954928,68.152563055127,66.4157494753007,67.20972442626953,2801200
2019-05-24,67.88459997036544,68.09301668857525,66.66386482438665,67.29904174804688,2089800
2019-05-28,67.93422483779834,68.96638932540779,67.68610859285107,68.59918212890625,2121600
2019-05-29,67.80519425057459,68.57931557641882,67.30896185483796,68.09300994873047,1469900
2019-05-30,68.21211804720477,69.1351107360184,67.7258047791855,68.1525650024414,1326500
2019-05-31,65.3438893557225,65.42328836980909,62.88258049429238,63.557456970214844,3821800
2019-06-03,63.71624278842516,66.63409198250261,63.61699781399459,66.33634948730469,2091000
2019-06-04,67.92430419817794,70.16726955312454,67.79527890752333,69.97870635986328,3175400
2019-06-05,70.1970518408453,72.11250956805027,69.6114935613014,71.96363830566406,2802100
2019-06-06,71.80483212882217,72.75759749935688,71.34829919535174,72.37053680419922,2331900
2019-06-07,72.89655016365543,73.74015145894212,72.0728099802556,72.84693145751953,1176500
2019-06-10,74.18674578355274,76.19152140151658,73.93862957691879,75.13951110839844,1397700
2019-06-11,76.58851418132444,76.96565568769769,75.40748610437758,75.56627655029297,1062700
2019-06-12,75.55635325968899,75.6357522722552,74.21652710323717,74.32569885253906,1015200
2019-06-13,74.07758380890472,75.55635447518348,73.71036904880846,75.51665496826172,1270100
2019-06-14,75.35785993113545,75.35785993113545,73.6805918322166,74.76238250732422,1109000
2019-06-17,74.57380942191213,75.57620105665775,73.98825878551509,75.2685317993164,1077400
2019-06-18,75.90371738830086,77.81917491044172,75.85409111551601,76.22130584716797,1013700
2019-06-19,76.7373794760808,77.12444014960658,75.94340459238882,76.27091979980469,1181400
2019-06-20,77.6802256182524,78.10698583486895,76.70761424115837,77.87872314453125,1286500
2019-06-21,77.88864697469509,78.15660916017701,77.36263422883499,77.82909393310547,1442400
2019-06-24,77.58098044466756,78.47420038089523,76.52897005972518,77.71992492675781,963600
2019-06-25,77.52143096923828,77.87871892527696,77.02519853828524,77.52143096923828,1137700
2019-06-26,77.65044860385645,79.14907266408757,76.68775647718954,78.32532501220703,1276000
2019-06-27,79.44681184569218,80.4491958618164,79.24831433860892,80.4491958618164,1748300
2019-06-28,80.39957597461535,81.88827318214186,80.22093200683594,80.22093200683594,5891400
2019-07-01,81.8783501488493,82.36465580535729,79.3078698211154,80.10183715820312,1350600
2019-07-02,80.19116263342973,80.47897077566435,78.23600567413772,78.98035430908203,1027100
2019-07-03,79.40711610830928,79.56590654959716,78.64291392064914,78.7223129272461,437500
2019-07-05,78.07721386424515,79.11930506468154,77.96804211669823,78.59329986572266,930900
2019-07-08,78.12683945094241,78.56352643728265,75.93349289375364,76.1915283203125,1185200
2019-07-09,75.65560129935334,75.87393721302928,74.345547957767,75.4968032836914,1731900
2019-07-10,75.78462711921851,77.09468060101713,75.33802090320576,76.93588256835938,1350300
2019-07-11,76.77708854090386,77.22369473616936,76.29078283931815,77.1343765258789,657600
2019-07-12,77.55121244329038,79.89343038709951,77.45196746029647,79.59568786621094,908100
2019-07-15,79.6254592932767,80.29040893425555,78.12683522995377,80.17131042480469,1295000
2019-07-16,78.93072751920853,80.30033384452392,77.60082826803043,79.38726043701172,1392500
2019-07-17,79.19870609012048,79.39719605148653,77.64053642048633,77.7695541381836,1172900
2019-07-18,77.3824965502022,78.07721901505347,77.12445353244017,78.057373046875,886900
2019-07-19,78.42457407666461,81.37219607914231,78.09706641009427,79.48651123046875,1191000
2019-07-22,79.78425373306692,80.82634492025416,79.31779401255275,79.48651123046875,1281200
2019-07-23,81.09430649917947,82.29518812590071,79.54606367000272,81.58061218261719,1639300
2019-07-24,81.31265529660583,83.04946899414062,81.31265529660583,83.04946899414062,1090000
2019-07-25,82.59292745628566,82.78149820405537,80.65761642218648,81.29280090332031,1690400
2019-07-26,81.44166414967816,81.91805061505906,80.45912605646842,81.77910614013672,1491800
2019-07-29,81.69971261167963,82.12647283381317,80.99506342106964,81.5607681274414,766700
2019-07-30,80.32019106112324,81.10423930323797,79.3872715577627,80.95536804199219,1416000
2019-07-31,85.09393618544091,88.30952782930638,84.30988802627095,86.98954772949219,3559400
2019-08-01,87.8827649390066,88.1606538837396,81.71955159630973,82.99983215332031,2272900
2019-08-02,82.46390553252553,82.94029201978087,79.9331245614564,82.6227035522461,1307200
2019-08-05,80.52860147416425,81.37219512576684,80.16138673484973,80.37973022460938,1691800
2019-08-06,81.35499058246577,83.08658091666126,81.32513675485498,82.79798126220703,1486000
2019-08-07,81.40475699405278,83.28562417367732,80.53895797782467,83.11643981933594,1753800
2019-08-08,83.48465959573441,85.30581922187244,83.34533665529518,85.04707336425781,1324600
2019-08-09,84.32060512952071,84.88785070118382,82.66862226913258,83.1363525390625,868300
2019-08-12,82.42977905700265,83.25577043739997,81.74311060913857,82.16107940673828,1049000
2019-08-13,81.78292065632608,84.42011782991197,81.07635216550273,83.15625,1079400
2019-08-14,81.1062012818957,81.12610130346017,78.97654212557715,79.1357650756836,1267700
2019-08-15,79.54379539699585,80.13094099698291,78.1804122148193,78.807373046875,1232800
2019-08-16,79.70300797174683,81.7232055541268,79.48407737162759,81.45450592041016,802400
2019-08-19,83.06668850895916,83.56427259482327,78.18040914135892,83.15625,931700
2019-08-20,82.4695841878397,82.81789150858896,80.62851710632339,81.7928695678711,908500
2019-08-21,83.3055242217752,83.48465479096345,82.65866341123268,83.0268783569336,805400
2019-08-22,83.6737391413757,84.14146938258409,82.65866338544889,83.11643981933594,530200
2019-08-23,82.11133106275706,82.60891516733135,79.06611117984144,79.49403381347656,1238300
2019-08-26,80.39963784778952,80.96688340439168,79.60350027000057,80.46929931640625,645000
2019-08-27,81.36495471998293,81.97200793357896,80.57877092544823,80.62852478027344,773100
2019-08-28,80.3299736712881,82.43972527400801,79.74282051914201,82.28050231933594,744700
2019-08-29,83.1064911061506,83.90262103972596,82.2705459444868,82.89750671386719,816400
2019-08-30,83.73344169439433,84.41015629290445,82.42977393841615,82.76812744140625,1115100
2019-09-03,82.49943803213829,82.49943803213829,80.48919419337886,81.16590881347656,1194900
2019-09-04,82.50939671019331,83.82301839234215,82.35016615840287,83.78321075439453,934500
2019-09-05,85.4053366019575,87.85344951965732,85.05702924238189,87.74398040771484,1089200
2019-09-06,87.83354434676298,88.64958193815694,86.60948416340676,88.32117462158203,719800
2019-09-09,89.11731200139474,90.34136458962443,88.57992028246565,89.8736343383789,1056400
2019-09-10,89.00783534957195,90.32145690917969,88.04252109885076,90.32145690917969,1103800
2019-09-11,90.05276735356485,90.69962819532945,88.4007921068977,90.65982055664062,806500
2019-09-12,90.36127212964495,91.00812536079906,88.5301587637929,90.70957946777344,1237000
2019-09-13,89.5850321493382,91.12754579521035,89.12725571845758,89.7442626953125,1411000
2019-09-16,89.12725066464272,90.48067985855899,88.28135931657751,89.1571044921875,1288300
2019-09-17,88.64957930660762,89.46561687377762,87.50513443261143,89.20687103271484,1008100
2019-09-18,89.08744560409744,89.70445256379102,88.32116950236761,89.07749938964844,794500
2019-09-19,89.1670659663741,89.80397298386366,88.61972803175087,89.0376968383789,778200
2019-09-20,89.4357580219042,89.61488857988321,86.52986145996367,86.64928436279297,1676500
2019-09-23,87.63450368999031,88.86851764614548,87.34590401923775,87.5648422241211,1124500
2019-09-24,88.07238542971382,88.68939244513138,85.90291845667048,86.27113342285156,1219300
2019-09-25,86.24127937932766,87.88330082621934,85.46504180989592,87.64446258544922,764700
2019-09-26,87.83353934410643,87.91314702242907,86.3706410104397,87.28619384765625,511200
2019-09-27,87.5349962133837,88.16194946220564,86.03229006680681,86.46021270751953,815900
2019-09-30,86.8483200016213,87.5349884459693,86.50001267207172,86.99759674072266,904700
2019-10-01,87.16677372123108,87.92310363339247,84.59924569085355,84.69876098632812,1142000
2019-10-02,83.34532938532432,84.28078984027373,80.18069448526094,81.82272338867188,1840900
2019-10-03,81.38484443542885,83.10648855597698,81.06639095326462,82.20088195800781,1150000
2019-10-04,82.5790557302282,83.74340063368652,82.5591481155793,83.0268783569336,1423000
2019-10-07,82.75818624634329,84.410161412215,82.20088692448708,83.59412384033203,950300
2019-10-08,81.93218997637854,82.50938928588583,80.14088439257307,80.17073822021484,956100
2019-10-09,81.44455211369068,81.90233611242795,80.6583760110395,81.45450592041016,779200
2019-10-10,81.7729593608049,83.57421874961368,81.7729593608049,82.76812744140625,788100
2019-10-11,84.44001755144187,86.798568843336,84.44001755144187,85.84320831298828,1055300
2019-10-14,85.49490090618531,86.40049999040804,85.43518565322022,86.1716079711914,492900
2019-10-15,86.38059732393455,88.43064125643383,86.36068970937863,87.62455749511719,846000
2019-10-16,88.16194403271683,89.316342747743,87.83354430881435,88.67943572998047,1182100
2019-10-17,89.13720962571918,89.14716343298632,88.14204148985426,88.60977172851562,810400
2019-10-18,88.25150551996529,89.28648123288343,88.211697885715,88.5301513671875,946200
2019-10-21,89.39596055090574,89.39596055090574,88.32117708084135,88.92823028564453,785000
2019-10-22,88.43064103932795,90.5802002617384,87.7638802114183,89.9532470703125,651200
2019-10-23,89.66464750331886,89.83382426417162,88.30127201670142,88.93817901611328,975900
2019-10-24,89.28648890865618,89.75421916064464,88.42068987247346,88.5898666381836,527800
2019-10-25,88.42068731155977,89.51537074199094,87.97286468764305,89.14716339111328,997600
2019-10-28,90.04281362660345,90.2617442323319,89.51536815237593,89.67459869384766,713600
2019-10-29,89.18696841631345,89.99305215277424,88.7092843845955,89.94329071044922,1422200
2019-10-30,88.57992250596837,92.31180320954351,85.47499502728277,91.97344207763672,2832300
2019-10-31,91.7544990553418,91.97343725995486,88.64957933182644,89.1173095703125,1668000
2019-11-01,90.2816567083532,92.04310101119775,89.83382648074387,91.90377807617188,1468400
2019-11-04,93.03826883966623,95.16792808750318,92.68996150334347,95.1579818725586,1877500
2019-11-05,95.34749830980908,96.10557243028023,94.67919982954473,94.98841857910156,2507000
2019-11-06,95.09812779211555,95.57691342596998,94.27023920717733,95.3375244140625,1073900
2019-11-07,96.18537101636589,97.39230050408901,96.0457267853923,96.2452163696289,1985500
2019-11-08,95.9659254766811,96.67412337583283,94.8786943330655,96.63422393798828,862400
2019-11-11,95.74648248736095,96.87362068020047,95.47717079413961,95.80633544921875,649000
2019-11-12,96.36491012657301,96.63422181355361,94.65924914892393,94.93853759765625,1325800
2019-11-13,93.97100121760045,93.99095474196146,91.03845715979385,91.4573974609375,1268100
2019-11-14,91.24792510630918,92.60446788197217,90.92873722791096,92.0159683227539,1278900
2019-11-15,92.92366298856643,92.92366298856643,91.69678006755395,92.07581329345703,1288800
2019-11-18,91.73668198058213,92.39500366545755,91.27784987050788,92.0857925415039,1217600
2019-11-19,92.33516319267045,92.45486150989795,90.52975733221831,90.9087905883789,1825000
2019-11-20,90.45993276648015,90.72924446039859,89.07345963881336,89.27294921875,1484300
2019-11-21,89.74175360701115,90.63947189183399,88.5946695547397,88.76423645019531,1109400
2019-11-22,89.86144920424611,91.38757417666959,89.59213750913591,91.23795318603516,3127100
2019-11-25,92.26533829289978,93.78147888183594,91.73668405866573,93.78147888183594,2376500
2019-11-26,93.16305391022061,94.73904741514588,92.9436108133273,94.62932586669922,1565300
2019-11-27,94.62932449627338,95.0283036375311,93.84132775522255,94.43980407714844,743000
2019-11-29,94.3201056375859,94.41985803280093,93.53210889763085,93.64183044433594,664400
2019-12-02,94.47970463195816,95.32754673222856,93.44234211031882,94.26026153564453,1749300
2019-12-03,93.56204179299785,94.75899446858521,91.48731671927618,91.59703826904297,1322500
2019-12-04,91.83643153517447,92.81394876653742,91.83643153517447,92.13567352294922,1231100
2019-12-05,92.34513861341797,93.43236977479027,91.69678605542433,93.14310455322266,794600
2019-12-06,94.3101397368648,94.5894281889993,93.06331085409312,93.53211212158203,833900
2019-12-09,93.1032001003574,93.29272052049717,92.66432152061594,92.72416687011719,826800
2019-12-10,92.63440511259711,93.00346160620737,91.9860525456614,92.53465270996094,770300
2019-12-11,93.12315343339803,93.52214018601686,92.24538866566812,92.75408935546875,821800
2019-12-12,93.44234657460622,95.89610496781374,93.0433597995231,95.56694030761719,951400
2019-12-13,95.37742377599504,96.1155443346519,93.07327885431566,93.31267547607422,1227900
2019-12-16,94.5993950133386,95.62678837989802,94.14056290897234,94.7190933227539,1398100
2019-12-17,94.9884172844815,95.6367622314013,94.32011120328579,95.59686279296875,1320700
2019-12-18,96.05570010294896,97.93092800166072,95.69661277616848,97.61174011230469,1285500
2019-12-19,97.49203931664537,98.05062381631944,96.85366355419445,97.60176086425781,1053500
2019-12-20,98.67902455035647,98.78874609989607,96.00582314437642,96.1055679321289,2021300
2019-12-23,96.47463461533125,96.66415504419128,95.02830851884113,95.28765106201172,1051000
2019-12-24,95.55697184349864,95.79636086625614,94.64927673339844,94.64927673339844,320300
2019-12-26,95.11808551283636,95.51707229031426,94.61935394349895,95.4771728515625,519700
2019-12-27,95.92602197720704,96.33498549026802,95.5170660741854,96.06566619873047,757600
2019-12-30,96.03574760846813,96.03574760846813,94.8587408269709,95.00836181640625,613600
2019-12-31,95.02830693713419,95.63676004173021,94.45975327005719,94.72907257080078,673300
2020-01-02,95.69660973186399,96.09558887333702,94.76896876886448,96.06566619873047,1655300
2020-01-03,94.0108957039049,94.58942611926146,93.3625431770425,93.86127471923828,960600
2020-01-06,92.94361121964887,92.94361121964887,91.50726193191473,92.11571502685547,1574900
2020-01-07,92.09577128333117,92.26533818656182,90.61952252392874,90.95866394042969,2100900
2020-01-08,91.19805127554511,93.23287690690726,90.72924240228487,92.85383605957031,2295700
2020-01-09,93.87125095282454,94.1106399609208,91.45739212858547,91.4972915649414,1087900
2020-01-10,91.49729787193412,91.49729787193412,89.16323014947814,89.28292846679688,1323600
2020-01-13,89.1931466358345,89.1931466358345,88.40514989076696,88.64454650878906,2065500
2020-01-14,88.61462043129576,89.50236961437452,88.28546338345636,88.78419494628906,2264900
2020-01-15,88.50490328694123,89.10337961868194,87.36778836358258,87.66703033447266,1531100
2020-01-16,88.16576656365109,91.18807866805552,88.16576656365109,90.96863555908203,1916400
2020-01-17,90.66939913074744,91.95612746876269,90.25046644675353,91.29779815673828,1766700
2020-01-21,90.80904158810601,91.67683722520667,90.2404879251889,90.7691421508789,1467500
2020-01-22,91.60700656454306,92.17556783167805,90.65941967273028,90.91876220703125,942900
2020-01-23,90.31031188973253,92.1655939036201,89.02358355042085,92.09577178955078,1424100
2020-01-24,92.5745522532685,92.60447493007709,90.51978060531918,91.30777740478516,1546200
2020-01-27,88.93381339104376,89.37269197894479,87.96627296924186,88.37522888183594,1677200
2020-01-28,89.34276791554424,90.07091931353798,88.47497229492802,89.41259002685547,1453900
2020-01-29,90.10084048431841,90.81901510869646,89.27294431399153,89.6519775390625,1563600
2020-01-30,84.78436388313557,87.91639742248587,84.29560909273798,87.45756530761719,2534200
2020-01-31,86.51994778098614,86.84911243274603,84.37540057866507,84.57489776611328,1617800
2020-02-03,85.35291592956322,87.33786533907696,85.0337280465759,86.5,1647800
2020-02-04,88.30999755859375,91.0199966430664,88.2300033569336,90.51000213623047,1525200
2020-02-05,91.81999969482422,92.5,90.27999877929688,90.5199966430664,1108100
2020-02-06,90.97000122070312,90.98999786376953,87.68000030517578,88.23999786376953,1131400
2020-02-07,87.47000122070312,87.48999786376953,86.62999725341797,87.12999725341797,1250700
2020-02-10,86.94999694824219,87.3499984741211,86.02999877929688,87.30000305175781,933500
2020-02-11,87.6500015258789,91.0999984741211,87.11000061035156,90.77999877929688,1397400
2020-02-12,91.69000244140625,92.30000305175781,90.87999725341797,91.51000213623047,878800
2020-02-13,90.4000015258789,91.0999984741211,89.73999786376953,90.5199966430664,724300
2020-02-14,90.41000366210938,90.5199966430664,88.08999633789062,88.31999969482422,1010100
2020-02-18,88.05999755859375,89.4800033569336,87.56999969482422,88.0199966430664,979400
2020-02-19,88.31999969482422,90.87000274658203,87.77999877929688,90.70999908447266,1403600
2020-02-20,89.97000122070312,92.04000091552734,89.97000122070312,91.08999633789062,1395300
2020-02-21,90.1500015258789,90.45999908447266,88.91000366210938,90.06999969482422,1203900
2020-02-24,86.7300033569336,87.18000030517578,83.72000122070312,83.9800033569336,2084100
2020-02-25,84.7699966430664,84.83999633789062,79.91000366210938,81.11000061035156,2525200
2020-02-26,82.11000061035156,83.44000244140625,80.80000305175781,81.0999984741211,1691700
2020-02-27,80.5199966430664,81.70999908447266,77.3499984741211,77.9800033569336,3477200
2020-02-28,75.31999969482422,79.38999938964844,73.80000305175781,78.11000061035156,3533900
2020-03-02,78.70999908447266,82.18000030517578,77.62999725341797,82.16999816894531,2572200
2020-03-03,82.41000366210938,84.87000274658203,79.83000183105469,80.56999969482422,2685700
2020-03-04,82.1500015258789,83.1500015258789,80.2699966430664,83.0999984741211,1901000
2020-03-05,80.3499984741211,81.66999816894531,77.93000030517578,78.5,1699200
2020-03-06,75.36000061035156,77.95999908447266,74.30000305175781,76.29000091552734,2398700
2020-03-09,70.5999984741211,71.56999969482422,68.12000274658203,68.91000366210938,2767600
2020-03-10,72.29000091552734,73.3499984741211,69.62000274658203,72.83999633789062,2677300
2020-03-11,70.58999633789062,71.62999725341797,66.97000122070312,67.2300033569336,2660700
2020-03-12,62.869998931884766,64.79000091552734,58.970001220703125,59.400001525878906,3380300
2020-03-13,62.79999923706055,66.5,60.15999984741211,66.47000122070312,2733900
2020-03-16,59.0099983215332,59.0099983215332,51.08000183105469,51.119998931884766,3218300
2020-03-17,52.38999938964844,52.86000061035156,45.650001525878906,48.310001373291016,4193500
2020-03-18,44.380001068115234,45.70000076293945,29.219999313354492,33.54999923706055,5891300
2020-03-19,33.22999954223633,45.36000061035156,29.329999923706055,40.58000183105469,7382000
2020-03-20,42.04999923706055,49.61000061035156,41.72999954223633,45.16999816894531,5598800
2020-03-23,44.36000061035156,48.63999938964844,42.11000061035156,46.5,4476600
2020-03-24,50.18000030517578,52.119998931884766,47.54999923706055,49.52000045776367,2802800
2020-03-25,51.16999816894531,53.43000030517578,47.560001373291016,50.72999954223633,2224900
2020-03-26,51.79999923706055,55.88999938964844,50.02000045776367,55.279998779296875,2293400
2020-03-27,51.95000076293945,52.810001373291016,49.40999984741211,51.279998779296875,2569400
2020-03-30,50.27000045776367,51.81999969482422,48.02000045776367,49.91999816894531,2676200
2020-03-31,50.2400016784668,52.209999084472656,48.43000030517578,49.2400016784668,2607300
2020-04-01,44.619998931884766,47.470001220703125,44.119998931884766,45.91999816894531,2548400
2020-04-02,44.720001220703125,48.790000915527344,44.25,45.59000015258789,2460800
2020-04-03,45.91999816894531,46.459999084472656,43.040000915527344,43.290000915527344,2168300
2020-04-06,47.0099983215332,50.709999084472656,45.70000076293945,49.93000030517578,3110400
2020-04-07,54.09000015258789,56.22999954223633,52.439998626708984,53.5,3549300
2020-04-08,54.72999954223633,60.38999938964844,54.290000915527344,60.20000076293945,3670400
2020-04-09,63.13999938964844,66.6500015258789,62.0099983215332,62.22999954223633,3607000
2020-04-13,61.560001373291016,61.849998474121094,58.189998626708984,60.7400016784668,1275300
2020-04-14,62.04999923706055,64.63999938964844,61.38999938964844,62.81999969482422,1829800
2020-04-15,58.63999938964844,61.22999954223633,58.5099983215332,60.869998931884766,1730900
2020-04-16,60.380001068115234,61.290000915527344,57.79999923706055,59.36000061035156,1426800
2020-04-17,62.86000061035156,64.76000213623047,62.38999938964844,63.91999816894531,2965500
2020-04-20,61.439998626708984,62.41999816894531,58.720001220703125,59.529998779296875,2225900
2020-04-21,56.290000915527344,59.720001220703125,56.040000915527344,58.349998474121094,1741200
2020-04-22,60.029998779296875,61.22999954223633,59.029998779296875,60.5,1425300
2020-04-23,61.43000030517578,62.650001525878906,60.65999984741211,60.72999954223633,1096000
2020-04-24,62.38999938964844,63.7400016784668,61.31999969482422,62.7400016784668,1167700
2020-04-27,62.689998626708984,65.91000366210938,62.5,65.51000213623047,1514900
2020-04-28,68.04000091552734,69.7699966430664,66.4800033569336,66.68000030517578,1770800
2020-04-29,68.86000061035156,72.41000366210938,68.33999633789062,71.66000366210938,1807300
2020-04-30,68.5,71.02999877929688,68.19999694824219,69.55000305175781,2128700
2020-05-01,67.4000015258789,67.4000015258789,64.08999633789062,65.75,1743200
2020-05-04,64.0999984741211,65.43000030517578,63.2599983215332,64.2699966430664,2212900
2020-05-05,65.25,67.05000305175781,64.66999816894531,65.63999938964844,2323200
2020-05-06,68.33000183105469,68.38999938964844,64.83999633789062,65.18000030517578,1158000
2020-05-07,66.4800033569336,68.19999694824219,65.08999633789062,65.2300033569336,1283000
2020-05-08,67.12999725341797,68.68000030517578,66.44000244140625,68.1500015258789,1114200
2020-05-11,66.7300033569336,68.13999938964844,65.02999877929688,66.70999908447266,1548500
2020-05-12,67.45999908447266,67.75,64.44000244140625,64.5,1139900
2020-05-13,64.5,64.5,60.130001068115234,60.790000915527344,1775900
2020-05-14,58.849998474121094,63.189998626708984,57.2599983215332,63.150001525878906,1676100
2020-05-15,62.279998779296875,64.4000015258789,61.5,64.06999969482422,1225400
2020-05-18,67.41000366210938,70.80000305175781,67.41000366210938,70.18000030517578,1642700
2020-05-19,71.0,74.22000122070312,69.94000244140625,70.0,2335600
2020-05-20,71.79000091552734,73.33000183105469,71.26000213623047,71.70999908447266,2137500
2020-05-21,72.47000122070312,74.4000015258789,71.3499984741211,71.52999877929688,2130600
2020-05-22,71.33999633789062,72.12999725341797,70.11000061035156,71.88999938964844,1481600
2020-05-26,75.62000274658203,76.37000274658203,74.44999694824219,75.68000030517578,2014600
2020-05-27,78.9000015258789,81.95999908447266,75.56999969482422,77.62999725341797,2683000
2020-05-28,77.70999908447266,78.19999694824219,73.55000305175781,73.62999725341797,2682400
2020-05-29,74.19000244140625,75.62000274658203,73.20999908447266,75.3499984741211,2572800
2020-06-01,75.93000030517578,77.05000305175781,74.5199966430664,76.63999938964844,1431300
2020-06-02,77.83999633789062,79.66000366210938,77.05000305175781,79.66000366210938,1857600
2020-06-03,81.1500015258789,84.55000305175781,81.1500015258789,83.33000183105469,4762600
2020-06-04,81.54000091552734,84.22000122070312,81.20999908447266,83.69000244140625,2349400
2020-06-05,88.44000244140625,89.0,85.05000305175781,85.8499984741211,2504400
2020-06-08,87.62999725341797,89.73999786376953,87.0199966430664,87.5,3612900
2020-06-09,81.44999694824219,82.04000091552734,75.47000122070312,75.91000366210938,7436400
2020-06-10,78.91999816894531,82.61000061035156,77.5,82.43000030517578,19582100
2020-06-11,76.45999908447266,79.29000091552734,72.91999816894531,72.94999694824219,7243700
2020-06-12,76.93000030517578,77.77999877929688,73.61000061035156,75.66000366210938,4409100
2020-06-15,72.36000061035156,76.23999786376953,71.80000305175781,75.55000305175781,3507400
2020-06-16,78.5,79.41000366210938,74.95999908447266,76.1500015258789,2074800
2020-06-17,76.05000305175781,76.55999755859375,74.25,76.05000305175781,3091800
2020-06-18,75.36000061035156,77.27999877929688,74.31999969482422,76.61000061035156,1917100
2020-06-19,78.38999938964844,80.79000091552734,77.31999969482422,77.7300033569336,3714000
2020-06-22,78.27999877929688,79.30000305175781,76.5999984741211,78.5199966430664,2591800
2020-06-23,80.01000213623047,80.87999725341797,77.70999908447266,78.76000213623047,2245200
2020-06-24,78.18000030517578,78.19999694824219,74.36000061035156,74.62000274658203,2825900
2020-06-25,73.88999938964844,76.86000061035156,73.36000061035156,76.62999725341797,1868600
2020-06-26,76.30000305175781,77.02999877929688,73.94000244140625,74.12999725341797,4262800
2020-06-29,74.43000030517578,75.93000030517578,74.11000061035156,75.66999816894531,2245400
2020-06-30,75.36000061035156,78.44000244140625,74.76000213623047,77.91999816894531,2748300
2020-07-01,77.91000366210938,77.98999786376953,74.4000015258789,75.41999816894531,1678400
2020-07-02,76.62999725341797,79.18000030517578,76.62999725341797,76.80999755859375,1839000
2020-07-06,79.73999786376953,80.2300033569336,77.13999938964844,78.43000030517578,1412500
2020-07-07,77.29000091552734,78.05999755859375,76.83999633789062,77.11000061035156,1399000
2020-07-08,77.25,77.70999908447266,75.66999816894531,76.76000213623047,1305200
2020-07-09,76.88999938964844,77.01000213623047,74.0,75.38999938964844,1318300
2020-07-10,75.58999633789062,76.88999938964844,75.20999908447266,76.27999877929688,1397500
2020-07-13,76.9800033569336,79.18000030517578,76.36000061035156,76.68000030517578,2091800
2020-07-14,76.91000366210938,78.41000366210938,75.3499984741211,78.19000244140625,1366400
2020-07-15,80.27999877929688,82.22000122070312,79.25,81.77999877929688,1586400
2020-07-16,80.72000122070312,82.41000366210938,79.80999755859375,82.2699966430664,1489100
2020-07-17,82.7300033569336,82.79000091552734,81.18000030517578,81.77999877929688,1385300
2020-07-20,81.45999908447266,82.2300033569336,80.16999816894531,81.94000244140625,1271200
2020-07-21,83.37999725341797,83.80000305175781,81.52999877929688,81.87000274658203,1274800
2020-07-22,81.68000030517578,82.80000305175781,81.19000244140625,82.72000122070312,1531400
2020-07-23,83.04000091552734,83.52999877929688,81.31999969482422,82.33000183105469,1497100
2020-07-24,80.80000305175781,83.16000366210938,80.7699966430664,82.25,1243200
2020-07-27,82.25,84.3499984741211,81.75,83.55000305175781,1249200
2020-07-28,83.66999816894531,84.2699966430664,82.08000183105469,82.16999816894531,889000
2020-07-29,82.20999908447266,83.72000122070312,82.20999908447266,83.66999816894531,1719400
2020-07-30,82.5,82.83999633789062,79.91000366210938,80.45999908447266,1974500
2020-07-31,80.2699966430664,80.4000015258789,76.18000030517578,77.75,2360300
2020-08-03,78.25,80.44000244140625,78.25,79.72000122070312,1503500
2020-08-04,81.80999755859375,81.80999755859375,80.26000213623047,81.0199966430664,1288900
2020-08-05,81.27999877929688,83.94000244140625,81.08000183105469,83.83999633789062,2082100
2020-08-06,83.16000366210938,85.18000030517578,83.16000366210938,84.52999877929688,1644500
2020-08-07,83.55000305175781,84.80999755859375,82.91999816894531,83.86000061035156,1249200
2020-08-10,84.63999938964844,86.80999755859375,84.2300033569336,86.44000244140625,1256800
2020-08-11,88.0,90.81999969482422,87.98999786376953,88.83999633789062,2479000
2020-08-12,90.80999755859375,91.51000213623047,88.22000122070312,89.5,1914400
2020-08-13,88.62000274658203,89.33000183105469,88.3499984741211,88.62999725341797,893300
2020-08-14,88.5199966430664,88.93000030517578,87.62999725341797,88.33999633789062,744100
2020-08-17,88.91999816894531,89.30999755859375,87.7300033569336,88.16000366210938,1421700
2020-08-18,88.19000244140625,89.11000061035156,87.19000244140625,87.23999786376953,795100
2020-08-19,86.87999725341797,87.05000305175781,84.7699966430664,85.41999816894531,1524400
2020-08-20,84.20999908447266,84.87000274658203,83.73999786376953,84.48999786376953,1085200
2020-08-21,84.76000213623047,84.80999755859375,83.68000030517578,83.87999725341797,668400
2020-08-24,84.55000305175781,85.87000274658203,84.38999938964844,85.5,1508900
2020-08-25,86.02999877929688,86.30999755859375,84.55000305175781,85.36000061035156,979700
2020-08-26,85.30999755859375,85.91000366210938,84.69000244140625,85.44000244140625,1121200
2020-08-27,85.8499984741211,85.8499984741211,84.63999938964844,85.33999633789062,869100
2020-08-28,85.37999725341797,87.31999969482422,85.1500015258789,87.25,1327900
2020-08-31,87.73999786376953,87.88999938964844,85.7699966430664,86.12000274658203,1535300
2020-09-01,85.31999969482422,87.12000274658203,84.20999908447266,87.05000305175781,1075400
2020-09-02,88.68000030517578,90.69999694824219,87.52999877929688,90.0,2272700
2020-09-03,89.87999725341797,90.05999755859375,86.13999938964844,86.76000213623047,1847300
2020-09-04,87.86000061035156,88.20999908447266,84.72000122070312,86.20999908447266,1336500
2020-09-08,86.20999908447266,86.4800033569336,84.16000366210938,84.66000366210938,3181600
2020-09-09,86.05999755859375,86.62999725341797,85.38999938964844,85.6500015258789,1422600
2020-09-10,87.0,87.69000244140625,83.70999908447266,84.08999633789062,1034800
2020-09-11,84.44999694824219,85.26000213623047,83.44999694824219,84.55000305175781,1731300
2020-09-14,85.5199966430664,86.44999694824219,84.91999816894531,85.88999938964844,1213700
2020-09-15,86.41999816894531,87.62000274658203,85.73999786376953,86.01000213623047,1567900
2020-09-16,86.69000244140625,86.69999694824219,84.36000061035156,84.97000122070312,2151800
2020-09-17,84.22000122070312,84.37000274658203,82.62999725341797,83.29000091552734,1685300
2020-09-18,87.04000091552734,89.41999816894531,86.0,88.94999694824219,4538300
2020-09-21,86.75,87.55000305175781,83.4000015258789,84.55999755859375,2455800
2020-09-22,84.3499984741211,85.11000061035156,83.05000305175781,84.51000213623047,1054300
2020-09-23,84.52999877929688,85.7300033569336,83.91999816894531,83.94999694824219,1641200
2020-09-24,82.8499984741211,85.62999725341797,82.12000274658203,84.33000183105469,1195500
2020-09-25,84.05999755859375,87.04000091552734,83.54000091552734,86.4000015258789,1479600
2020-09-28,88.41000366210938,90.87999725341797,88.3499984741211,90.02999877929688,1295600
2020-09-29,89.61000061035156,92.29000091552734,89.5199966430664,91.91999816894531,1896900
2020-09-30,92.18000030517578,93.27999877929688,90.9000015258789,91.68000030517578,2278500
2020-10-01,92.75,94.97000122070312,91.68000030517578,93.95999908447266,2137400
2020-10-02,91.45999908447266,94.5,91.23999786376953,93.55999755859375,1105500
2020-10-05,95.0,97.62999725341797,94.83000183105469,97.19999694824219,1149100
2020-10-06,99.48999786376953,99.54000091552734,94.05999755859375,94.4800033569336,2542200
2020-10-07,96.13999938964844,99.4800033569336,95.93000030517578,99.19000244140625,1646600
2020-10-08,100.0,100.81999969482422,97.54000091552734,97.97000122070312,1705000
2020-10-09,99.29000091552734,99.29000091552734,97.20999908447266,98.05999755859375,1423900
2020-10-12,98.70999908447266,99.5,98.04000091552734,98.26000213623047,1348000
2020-10-13,97.31999969482422,97.87000274658203,95.58999633789062,96.06999969482422,1484200
2020-10-14,97.01000213623047,97.5,95.62999725341797,95.73999786376953,1203700
2020-10-15,94.9800033569336,98.25,94.55000305175781,97.68000030517578,1628100
2020-10-16,98.54000091552734,99.5,96.73999786376953,98.19999694824219,1459600
2020-10-19,98.7300033569336,100.19000244140625,97.69000244140625,99.4000015258789,1968900
2020-10-20,100.12000274658203,102.18000030517578,99.47000122070312,100.19000244140625,1634700
2020-10-21,100.91000366210938,101.58999633789062,99.3499984741211,99.41000366210938,1858600
2020-10-22,100.19000244140625,101.12999725341797,98.5999984741211,100.1500015258789,2352700
2020-10-23,101.08000183105469,101.77999877929688,99.62999725341797,100.29000091552734,1891200
2020-10-26,98.5999984741211,99.11000061035156,96.76000213623047,98.19000244140625,1066100
2020-10-27,97.94000244140625,98.77999877929688,96.05000305175781,96.29000091552734,992200
2020-10-28,93.30999755859375,95.37000274658203,92.55999755859375,93.56999969482422,1655800
2020-10-29,95.5199966430664,100.33999633789062,95.4000015258789,98.31999969482422,2040200
2020-10-30,97.97000122070312,99.41000366210938,95.72000122070312,96.48999786376953,2019800
2020-11-02,97.01000213623047,98.83999633789062,95.6500015258789,97.87999725341797,2237000
2020-11-03,100.04000091552734,103.1500015258789,99.48999786376953,101.79000091552734,2236100
2020-11-04,101.1500015258789,101.98999786376953,99.05000305175781,99.25,2189700
2020-11-05,101.47000122070312,105.79000091552734,101.13999938964844,104.77999877929688,1423200
2020-11-06,105.05000305175781,105.87000274658203,103.56999969482422,104.4800033569336,992000
2020-11-09,111.2699966430664,114.55000305175781,106.20999908447266,106.69000244140625,2033100
2020-11-10,107.16999816894531,110.0,106.69999694824219,108.83999633789062,2531500
2020-11-11,110.54000091552734,111.68000030517578,108.63999938964844,111.02999877929688,2070500
2020-11-12,112.3499984741211,112.5,108.04000091552734,108.81999969482422,2187800
2020-11-13,109.9000015258789,110.52999877929688,107.63999938964844,109.91000366210938,2383300
2020-11-16,112.19999694824219,114.54000091552734,111.0199966430664,114.47000122070312,1521900
2020-11-17,112.0,115.61000061035156,111.69999694824219,114.44000244140625,1774800
2020-11-18,114.87999725341797,116.98999786376953,114.70999908447266,115.05000305175781,1700700
2020-11-19,114.5,115.97000122070312,113.16000366210938,115.36000061035156,1105300
2020-11-20,114.86000061035156,115.69000244140625,113.91999816894531,114.31999969482422,1161200
2020-11-23,115.41000366210938,117.33999633789062,115.0,116.5999984741211,2022900
2020-11-24,119.0,122.06999969482422,118.33000183105469,121.66000366210938,1951500
2020-11-25,119.63999938964844,120.01000213623047,117.30999755859375,118.47000122070312,1219000
2020-11-27,119.0,121.88999938964844,118.79000091552734,121.86000061035156,870100
2020-11-30,121.62000274658203,121.97000122070312,118.22000122070312,118.69999694824219,2505300
2020-12-01,122.37000274658203,123.44000244140625,121.29000091552734,122.20999908447266,2379500
2020-12-02,121.16999816894531,122.0999984741211,120.2699966430664,121.0,1118200
2020-12-03,121.58000183105469,122.0199966430664,120.4000015258789,121.16000366210938,1231300
2020-12-04,122.37000274658203,124.23999786376953,121.68000030517578,123.3499984741211,1157500
2020-12-07,123.51000213623047,123.63999938964844,121.5,123.45999908447266,886400
2020-12-08,123.41000366210938,124.70999908447266,122.5199966430664,123.06999969482422,790900
2020-12-09,124.79000091552734,125.76000213623047,122.79000091552734,123.7300033569336,1535200
2020-12-10,122.12000274658203,124.5,122.05000305175781,124.1500015258789,1046000
2020-12-11,122.55999755859375,123.62000274658203,121.2699966430664,122.23999786376953,1599300
2020-12-14,123.98999786376953,124.30000305175781,121.56999969482422,121.6500015258789,1810100
2020-12-15,123.41999816894531,123.98999786376953,119.80999755859375,122.61000061035156,2683800
2020-12-16,122.95999908447266,123.5999984741211,121.12000274658203,122.83999633789062,1240500
2020-12-17,124.05999755859375,125.2300033569336,123.20999908447266,124.88999938964844,1404000
2020-12-18,125.0,125.73999786376953,122.37000274658203,124.30000305175781,3689100
2020-12-21,120.0,123.68000030517578,119.75,123.31999969482422,1281800
2020-12-22,123.80000305175781,126.0,122.72000122070312,125.04000091552734,1057700
2020-12-23,127.13999938964844,130.0399932861328,126.30999755859375,128.35000610351562,1440600
2020-12-24,128.89999389648438,129.1999969482422,127.05999755859375,128.4199981689453,350100
2020-12-28,128.94000244140625,130.02000427246094,128.0,128.13999938964844,652900
2020-12-29,129.0399932861328,130.35000610351562,127.05999755859375,128.07000732421875,838500
2020-12-30,128.7100067138672,131.02999877929688,128.7100067138672,130.7899932861328,997400
2020-12-31,130.8000030517578,131.22999572753906,129.6999969482422,130.2899932861328,769900
2021-01-04,131.36000061035156,131.97000122070312,127.76000213623047,129.50999450683594,1934500
2021-01-05,129.0,133.8000030517578,129.0,133.38999938964844,1762800
2021-01-06,133.74000549316406,138.9600067138672,133.00999450683594,138.11000061035156,2078600
2021-01-07,141.02000427246094,145.85000610351562,140.61000061035156,144.8000030517578,2237100
2021-01-08,146.27000427246094,151.19000244140625,143.80999755859375,145.55999755859375,2471800
2021-01-11,142.9499969482422,147.4600067138672,141.7100067138672,145.0800018310547,2475200
2021-01-12,146.74000549316406,152.77999877929688,146.1999969482422,151.08999633789062,2221000
2021-01-13,150.02000427246094,150.99000549316406,145.10000610351562,146.05999755859375,2275100
2021-01-14,146.6699981689453,147.0,143.11000061035156,144.22000122070312,1879800
2021-01-15,143.25,143.8699951171875,137.52999877929688,142.75,1783600
2021-01-19,146.10000610351562,147.6199951171875,141.02000427246094,142.57000732421875,1789700
2021-01-20,145.60000610351562,145.9499969482422,143.02999877929688,145.1199951171875,2112600
2021-01-21,145.69000244140625,146.57000732421875,143.35000610351562,143.85000610351562,1854900
2021-01-22,141.27999877929688,143.69000244140625,139.0,139.49000549316406,2251600
2021-01-25,139.0,139.80999755859375,134.10000610351562,139.00999450683594,2196800
2021-01-26,139.2899932861328,140.35000610351562,135.3000030517578,135.6999969482422,1652000
2021-01-27,131.75999450683594,133.3800048828125,127.20999908447266,127.95999908447266,2274400
2021-01-28,130.36000061035156,135.08999633789062,129.27000427246094,133.4199981689453,3049100
2021-01-29,133.58999633789062,137.05999755859375,130.66000366210938,133.60000610351562,2596500
2021-02-01,135.24000549316406,139.3000030517578,135.24000549316406,138.77000427246094,1654400
2021-02-02,141.0,143.35000610351562,140.30999755859375,141.25999450683594,2117400
2021-02-03,141.36000061035156,146.5,141.0,143.14999389648438,2346400
2021-02-04,150.0,151.22999572753906,142.14999389648438,142.14999389648438,4000800
2021-02-05,144.86000061035156,147.42999267578125,144.0399932861328,147.1300048828125,1944300
2021-02-08,148.0,149.3800048828125,146.07000732421875,148.77000427246094,1654000
2021-02-09,147.5,149.3699951171875,145.72999572753906,148.27999877929688,1132100
2021-02-10,149.4499969482422,149.99000549316406,146.4499969482422,149.88999938964844,2010400
2021-02-11,151.07000732421875,154.57000732421875,148.61000061035156,153.9499969482422,1812000
2021-02-12,153.88999938964844,156.52000427246094,151.42999267578125,156.2899932861328,1404300
2021-02-16,157.00999450683594,159.5,154.77000427246094,155.08999633789062,1875500
2021-02-17,154.0800018310547,157.2100067138672,152.9199981689453,156.57000732421875,1332500
2021-02-18,155.3699951171875,155.60000610351562,148.02999877929688,149.35000610351562,1531100
2021-02-19,151.3699951171875,154.8699951171875,150.74000549316406,153.8000030517578,1771100
2021-02-22,152.91000366210938,159.32000732421875,152.50999450683594,156.99000549316406,1777200
2021-02-23,153.80999755859375,154.19000244140625,146.8800048828125,151.66000366210938,2287900
2021-02-24,153.1999969482422,155.50999450683594,150.63999938964844,155.22000122070312,2041600
2021-02-25,154.36000061035156,154.6999969482422,145.8000030517578,147.44000244140625,2075900
2021-02-26,148.72000122070312,150.5800018310547,144.7100067138672,149.83999633789062,2581400
2021-03-01,151.05999755859375,155.60000610351562,151.0,154.75999450683594,1764400
2021-03-02,155.0,156.24000549316406,152.47000122070312,154.2100067138672,1098900
2021-03-03,154.75999450683594,160.13999938964844,154.72000122070312,155.5500030517578,1519600
2021-03-04,153.80999755859375,154.22000122070312,142.4600067138672,146.39999389648438,2345600
2021-03-05,148.25,148.25,135.7899932861328,146.1699981689453,2952500
2021-03-08,147.9199981689453,149.89999389648438,144.3800048828125,144.60000610351562,2435000
2021-03-09,146.32000732421875,146.8699951171875,142.13999938964844,143.5,2701600
2021-03-10,144.49000549316406,150.41000366210938,144.39999389648438,148.69000244140625,1782300
2021-03-11,150.0500030517578,153.94000244140625,149.5500030517578,152.50999450683594,1407000
2021-03-12,151.10000610351562,151.8000030517578,150.10000610351562,150.89999389648438,1477300
2021-03-15,150.57000732421875,153.0800018310547,148.6300048828125,152.8300018310547,1127200
2021-03-16,152.57000732421875,152.57000732421875,146.6699981689453,147.35000610351562,1593300
2021-03-17,147.8000030517578,153.64999389648438,146.24000549316406,153.22999572753906,1741100
2021-03-18,152.72999572753906,155.5800018310547,148.66000366210938,148.89999389648438,1413800
2021-03-19,143.57000732421875,147.77000427246094,143.57000732421875,145.94000244140625,3381300
2021-03-22,146.22999572753906,146.36000061035156,143.11000061035156,145.0399932861328,1795800
2021-03-23,143.4199981689453,144.6999969482422,138.22999572753906,139.47999572753906,1920400
2021-03-24,141.1999969482422,143.36000061035156,139.8300018310547,139.85000610351562,1438100
2021-03-25,138.0,143.36000061035156,137.07000732421875,142.67999267578125,1274600
2021-03-26,142.75,143.55999755859375,137.35000610351562,140.63999938964844,1656600
2021-03-29,139.85000610351562,140.5399932861328,134.86000061035156,135.0800018310547,1702800
2021-03-30,135.30999755859375,137.5,133.6300048828125,137.2899932861328,2812000
2021-03-31,139.50999450683594,139.77999877929688,137.5,137.89999389648438,1902000
2021-04-01,139.7100067138672,141.7100067138672,138.9499969482422,140.74000549316406,1894700
2021-04-05,142.0,144.02000427246094,141.47999572753906,142.00999450683594,1203200
2021-04-06,142.61000061035156,145.42999267578125,142.10000610351562,144.27999877929688,1593200
2021-04-07,143.5500030517578,144.77000427246094,140.08999633789062,140.7100067138672,1189700
2021-04-08,139.97999572753906,141.22000122070312,138.08999633789062,140.14999389648438,1321000
2021-04-09,140.44000244140625,142.50999450683594,139.9600067138672,142.42999267578125,929200
2021-04-12,142.9199981689453,143.60000610351562,141.61000061035156,143.14999389648438,895100
2021-04-13,143.60000610351562,144.13999938964844,139.63999938964844,141.1999969482422,1249500
2021-04-14,141.82000732421875,145.0399932861328,141.3000030517578,142.25,1044900
2021-04-15,142.47999572753906,142.82000732421875,139.67999267578125,141.83999633789062,1272600
2021-04-16,143.8699951171875,145.25,140.8800048828125,141.0500030517578,1572500
2021-04-19,141.0,141.1699981689453,139.27999877929688,140.32000732421875,1346500
2021-04-20,140.0,140.16000366210938,133.6699981689453,135.0399932861328,1628200
2021-04-21,134.75999450683594,139.47999572753906,133.5500030517578,139.17999267578125,1073600
2021-04-22,139.8000030517578,140.6300048828125,137.49000549316406,138.92999267578125,984700
2021-04-23,140.7100067138672,145.77000427246094,139.19000244140625,144.88999938964844,1597100
2021-04-26,145.75,147.0,144.42999267578125,145.1999969482422,941500
2021-04-27,145.77999877929688,147.86000061035156,145.02000427246094,146.7100067138672,1019800
2021-04-28,145.77999877929688,147.5,145.11000061035156,146.9199981689453,1030300
2021-04-29,147.4499969482422,148.0800018310547,143.3000030517578,144.5399932861328,1351200
2021-04-30,143.5500030517578,146.2899932861328,142.69000244140625,143.88999938964844,1692300
2021-05-03,145.0500030517578,145.94000244140625,143.05999755859375,143.44000244140625,1612900
2021-05-04,141.3300018310547,142.38999938964844,138.14999389648438,139.74000549316406,2103400
2021-05-05,141.64999389648438,143.8800048828125,140.13999938964844,142.9199981689453,1356800
2021-05-06,140.5,143.9199981689453,137.08999633789062,141.4600067138672,1676200
2021-05-07,142.11000061035156,148.88999938964844,141.82000732421875,148.77000427246094,1451300
2021-05-10,147.94000244140625,148.19000244140625,143.77999877929688,143.77999877929688,1308400
2021-05-11,140.66000366210938,141.94000244140625,137.57000732421875,140.6300048828125,1832700
2021-05-12,139.42999267578125,141.39999389648438,133.4499969482422,134.3699951171875,1362500
2021-05-13,135.49000549316406,138.99000549316406,134.17999267578125,136.92999267578125,1418700
2021-05-14,138.39999389648438,139.8800048828125,136.32000732421875,139.17999267578125,753300
2021-05-17,138.19000244140625,139.66000366210938,136.77000427246094,139.0399932861328,844800
2021-05-18,140.0,140.82000732421875,137.16000366210938,137.3300018310547,1057400
2021-05-19,135.0,137.41000366210938,134.07000732421875,136.9199981689453,1169300
2021-05-20,138.16000366210938,138.66000366210938,136.3300018310547,137.30999755859375,1066200
2021-05-21,138.55999755859375,141.27999877929688,138.16000366210938,140.4600067138672,1350900
2021-05-24,141.60000610351562,142.52999877929688,140.08999633789062,141.4600067138672,786300
2021-05-25,141.7899932861328,143.7899932861328,141.17999267578125,141.86000061035156,858300
2021-05-26,141.8699951171875,143.85000610351562,141.52000427246094,143.3800048828125,868300
2021-05-27,145.67999267578125,151.9499969482422,144.75,150.88999938964844,2409300
2021-05-28,150.52000427246094,151.55999755859375,148.22999572753906,150.4199981689453,1279300
2021-06-01,152.22000122070312,155.75999450683594,151.2100067138672,154.91000366210938,1375700
2021-06-02,155.0,155.35000610351562,152.11000061035156,155.0,2014500
2021-06-03,154.6199951171875,158.30999755859375,153.60000610351562,155.99000549316406,1856500
2021-06-04,157.0,159.88999938964844,156.6999969482422,159.75,1614200
2021-06-07,160.0,160.0,156.02999877929688,157.25,1093200
2021-06-08,157.25,159.6199951171875,155.8800048828125,159.27000427246094,912300
2021-06-09,159.0,159.30999755859375,157.60000610351562,158.3300018310547,1327800
2021-06-10,159.61000061035156,159.75,155.07000732421875,155.5399932861328,1170900
2021-06-11,156.13999938964844,157.24000549316406,155.32000732421875,156.75999450683594,889100
2021-06-14,156.4600067138672,157.5800018310547,155.0,157.47000122070312,940400
2021-06-15,157.3000030517578,157.55999755859375,156.39999389648438,157.0,1200600
2021-06-16,156.5,157.47000122070312,153.72000122070312,154.3699951171875,1839800
2021-06-17,154.0,155.7100067138672,149.5500030517578,151.36000061035156,1989400
2021-06-18,148.72999572753906,149.8300018310547,146.6300048828125,147.27000427246094,1869600
2021-06-21,149.0,151.5,148.02999877929688,150.44000244140625,1662000
2021-06-22,150.9199981689453,152.0,150.13999938964844,151.63999938964844,1252400
2021-06-23,151.74000549316406,153.72000122070312,151.33999633789062,152.75,724400
2021-06-24,155.61000061035156,156.88999938964844,154.50999450683594,155.1300048828125,1071500
2021-06-25,155.0,156.0,154.41000366210938,155.77000427246094,2789500
2021-06-28,155.17999267578125,155.6300048828125,152.41000366210938,154.6999969482422,1439100
2021-06-29,155.25,158.75,154.77000427246094,158.3000030517578,1326100
2021-06-30,157.55999755859375,158.5500030517578,156.7899932861328,157.3300018310547,1172900
2021-07-01,158.47999572753906,159.16000366210938,157.22999572753906,158.72999572753906,998500
2021-07-02,158.80999755859375,160.52999877929688,157.88999938964844,159.8699951171875,1236000
2021-07-06,160.0,160.0800018310547,155.86000061035156,157.60000610351562,1152200
2021-07-07,157.25,157.3300018310547,151.1300048828125,154.0,1765000
2021-07-08,150.49000549316406,151.83999633789062,147.8699951171875,151.27999877929688,1617400
2021-07-09,153.32000732421875,156.67999267578125,152.85000610351562,155.61000061035156,1044300
2021-07-12,155.19000244140625,159.6199951171875,154.47000122070312,158.52000427246094,1077600
2021-07-13,158.16000366210938,158.50999450683594,156.47999572753906,157.52999877929688,1073100
2021-07-14,158.47999572753906,159.22999572753906,154.4499969482422,155.80999755859375,787900
2021-07-15,154.47999572753906,155.4600067138672,152.22999572753906,153.58999633789062,722300
2021-07-16,154.77000427246094,154.7899932861328,149.5399932861328,149.75,860100
2021-07-19,144.5800018310547,148.13999938964844,143.4600067138672,147.1699981689453,1560100
2021-07-20,148.14999389648438,153.8300018310547,146.83999633789062,153.14999389648438,1060600
2021-07-21,154.66000366210938,156.72000122070312,154.14999389648438,156.0500030517578,905300
2021-07-22,155.63999938964844,155.82000732421875,153.2899932861328,154.49000549316406,651400
2021-07-23,156.41000366210938,158.1300048828125,155.6699981689453,157.38999938964844,680600
2021-07-26,157.6199951171875,159.80999755859375,156.5500030517578,159.75,812200
2021-07-27,157.67999267578125,159.1300048828125,156.0800018310547,158.89999389648438,900200
2021-07-28,159.14999389648438,163.5800018310547,159.00999450683594,162.32000732421875,1319400
2021-07-29,164.33999633789062,167.9199981689453,163.9600067138672,167.64999389648438,1309400
2021-07-30,165.60000610351562,168.67999267578125,165.08999633789062,166.85000610351562,1304000
2021-08-02,168.2899932861328,169.94000244140625,166.97999572753906,167.66000366210938,1360300
2021-08-03,168.41000366210938,169.3300018310547,165.52000427246094,169.13999938964844,781100
2021-08-04,168.02000427246094,168.64999389648438,165.6199951171875,165.72000122070312,1609600
2021-08-05,157.33999633789062,161.75,155.32000732421875,159.64999389648438,2125000
2021-08-06,161.8300018310547,164.1300048828125,158.99000549316406,163.14999389648438,1053200
2021-08-09,161.8800048828125,166.82000732421875,161.8800048828125,165.30999755859375,973600
2021-08-10,166.3300018310547,170.47000122070312,166.3300018310547,169.75999450683594,1284700
2021-08-11,169.14999389648438,170.0,165.77000427246094,168.13999938964844,1039500
2021-08-12,168.4499969482422,168.83999633789062,165.0500030517578,166.52000427246094,885400
2021-08-13,167.02000427246094,167.25,164.4600067138672,164.92999267578125,710000
2021-08-16,163.07000732421875,164.41000366210938,161.6699981689453,164.24000549316406,915400
2021-08-17,161.67999267578125,162.1999969482422,155.75999450683594,158.25,1018800
2021-08-18,157.66000366210938,158.82000732421875,156.42999267578125,156.5800018310547,908900
2021-08-19,154.33999633789062,154.3699951171875,150.1699981689453,152.9199981689453,1435100
2021-08-20,152.72000122070312,154.94000244140625,151.5,154.64999389648438,1114300
2021-08-23,155.80999755859375,156.77000427246094,154.9199981689453,155.1999969482422,1248000
2021-08-24,155.99000549316406,158.02999877929688,155.99000549316406,157.63999938964844,1253400
2021-08-25,158.72999572753906,158.72999572753906,156.82000732421875,157.4199981689453,1276400
2021-08-26,157.0399932861328,157.5,153.9600067138672,154.2100067138672,798200
2021-08-27,155.0,157.22999572753906,155.0,156.41000366210938,1454800
2021-08-30,156.8300018310547,157.1699981689453,153.0399932861328,153.11000061035156,1202600
2021-08-31,153.72999572753906,154.02000427246094,151.75,152.19000244140625,1977700
2021-09-01,151.75999450683594,152.52999877929688,149.2100067138672,151.39999389648438,1277600
2021-09-02,152.6300048828125,152.63999938964844,150.8699951171875,151.07000732421875,935000
2021-09-03,150.75999450683594,150.75999450683594,148.80999755859375,149.92999267578125,1260300
2021-09-07,149.35000610351562,151.13999938964844,149.2899932861328,150.61000061035156,1671000
2021-09-08,149.55999755859375,149.9600067138672,145.1699981689453,148.0399932861328,1697600
2021-09-09,147.67999267578125,149.2100067138672,146.7899932861328,148.92999267578125,991400
2021-09-10,150.55999755859375,151.67999267578125,146.38999938964844,146.44000244140625,1175800
2021-09-13,148.3000030517578,148.9600067138672,146.1999969482422,148.25,1783800
2021-09-14,149.47000122070312,150.97000122070312,148.94000244140625,149.8300018310547,1269400
2021-09-15,150.33999633789062,154.97000122070312,149.6699981689453,154.27000427246094,2428800
2021-09-16,152.8000030517578,153.3000030517578,147.49000549316406,149.17999267578125,1436200
2021-09-17,147.57000732421875,148.6999969482422,144.97999572753906,146.42999267578125,1995000
2021-09-20,141.4600067138672,143.88999938964844,140.60000610351562,143.47999572753906,1463000
2021-09-21,144.91000366210938,145.77999877929688,141.05999755859375,142.3000030517578,1183900
2021-09-22,144.22000122070312,146.42999267578125,143.72000122070312,145.1699981689453,1395600
2021-09-23,147.66000366210938,153.5399932861328,147.47999572753906,152.75999450683594,2000100
2021-09-24,152.0,153.25,150.8000030517578,151.02999877929688,823400
2021-09-27,150.25999450683594,154.82000732421875,149.52999877929688,154.1999969482422,1114300
2021-09-28,155.0,156.3000030517578,151.9199981689453,154.2100067138672,1599300
2021-09-29,154.24000549316406,155.1199951171875,150.14999389648438,150.63999938964844,1159900
2021-09-30,151.3699951171875,152.47000122070312,148.85000610351562,148.97000122070312,1735800
2021-10-01,150.3800048828125,152.89999389648438,147.97000122070312,152.6999969482422,1388600
2021-10-04,153.33999633789062,157.91000366210938,152.9600067138672,157.66000366210938,2945500
2021-10-05,157.02999877929688,159.44000244140625,155.7899932861328,158.10000610351562,1977200
2021-10-06,154.99000549316406,157.7899932861328,152.1699981689453,157.6999969482422,1339500
2021-10-07,160.0500030517578,165.6199951171875,158.52999877929688,164.8000030517578,1433100
2021-10-08,165.0,166.91000366210938,163.22000122070312,165.1199951171875,1471800
2021-10-11,165.0,166.89999389648438,160.0800018310547,160.14999389648438,2535500
2021-10-12,161.27999877929688,164.52000427246094,160.00999450683594,163.02000427246094,1391100
2021-10-13,163.0,165.0800018310547,160.9499969482422,164.8800048828125,1590900
2021-10-14,166.1199951171875,168.02999877929688,165.0800018310547,167.32000732421875,1078400
2021-10-15,169.30999755859375,169.99000549316406,167.99000549316406,168.74000549316406,1201400
2021-10-18,166.97999572753906,169.02999877929688,166.3800048828125,167.8000030517578,1224700
2021-10-19,168.94000244140625,169.5500030517578,166.13999938964844,166.5800018310547,962200
2021-10-20,164.5500030517578,169.0,164.4600067138672,168.97999572753906,1270000
2021-10-21,169.22000122070312,170.52000427246094,168.3699951171875,169.50999450683594,1187000
2021-10-22,170.0,170.22000122070312,167.1999969482422,168.3800048828125,1024300
2021-10-25,169.47999572753906,170.63999938964844,168.0,170.2899932861328,1176100
2021-10-26,171.17999267578125,171.57000732421875,168.1300048828125,169.17999267578125,963700
2021-10-27,168.1199951171875,172.0,167.85000610351562,169.22000122070312,949300
2021-10-28,170.3800048828125,172.63999938964844,169.6999969482422,172.07000732421875,968800
2021-10-29,171.55999755859375,173.2100067138672,171.3000030517578,172.88999938964844,972900
2021-11-01,174.27000427246094,175.77999877929688,173.24000549316406,175.72999572753906,1666700
2021-11-02,174.50999450683594,175.0,172.2899932861328,174.61000061035156,1757600
2021-11-03,174.32000732421875,180.2899932861328,173.38999938964844,178.1199951171875,1590100
2021-11-04,179.5,180.80999755859375,176.75,177.4600067138672,1726700
2021-11-05,179.66000366210938,179.66000366210938,174.0399932861328,175.02999877929688,1557200
2021-11-08,171.5800018310547,174.05999755859375,171.5,173.22999572753906,2083100
2021-11-09,174.2899932861328,175.38999938964844,171.1999969482422,172.47000122070312,1950100
2021-11-10,170.9600067138672,173.6199951171875,169.6199951171875,171.4199981689453,1973700
2021-11-11,172.7100067138672,172.86000061035156,167.55999755859375,169.00999450683594,1724400
2021-11-12,169.8000030517578,171.6199951171875,168.5399932861328,170.5,2716300
2021-11-15,172.1199951171875,174.05999755859375,170.1300048828125,172.1300048828125,1777800
2021-11-16,173.27000427246094,175.57000732421875,172.35000610351562,174.6300048828125,1524500
2021-11-17,175.5399932861328,177.07000732421875,174.77999877929688,176.50999450683594,1369100
2021-11-18,177.3300018310547,179.39999389648438,174.6199951171875,176.25999450683594,1206000
2021-11-19,176.6699981689453,177.6699981689453,175.13999938964844,176.05999755859375,1153100
2021-11-22,176.27000427246094,177.52999877929688,174.0,175.5,1000900
2021-11-23,174.63999938964844,176.0,170.14999389648438,170.3000030517578,1941400
2021-11-24,168.5,170.13999938964844,166.13999938964844,169.55999755859375,1034300
2021-11-26,165.57000732421875,166.52000427246094,161.1699981689453,163.41000366210938,821900
2021-11-29,167.24000549316406,168.13999938964844,162.77000427246094,165.49000549316406,1520000
2021-11-30,165.52000427246094,165.52000427246094,159.64999389648438,160.35000610351562,2035500
2021-12-01,164.91000366210938,167.91000366210938,159.8300018310547,160.0,1680900
2021-12-02,162.55999755859375,166.44000244140625,161.16000366210938,165.77000427246094,1641600
2021-12-03,166.4499969482422,166.67999267578125,160.6699981689453,162.35000610351562,1335900
2021-12-06,166.0,166.1699981689453,161.8000030517578,164.41000366210938,1300600
2021-12-07,166.55999755859375,169.61000061035156,166.55999755859375,167.6199951171875,1433300
2021-12-08,169.08999633789062,170.75999450683594,167.39999389648438,170.3800048828125,1011200
2021-12-09,169.3800048828125,169.6300048828125,166.14999389648438,166.8000030517578,912600
2021-12-10,168.66000366210938,169.4499969482422,166.38999938964844,168.97000122070312,601500
2021-12-13,168.02000427246094,168.61000061035156,162.85000610351562,162.9600067138672,1269900
2021-12-14,162.02999877929688,163.61000061035156,157.7100067138672,160.82000732421875,1713200
2021-12-15,159.52999877929688,164.47000122070312,158.49000549316406,164.44000244140625,1692600
2021-12-16,164.89999389648438,168.99000549316406,161.89999389648438,162.16000366210938,1310500
2021-12-17,160.8800048828125,162.38999938964844,157.25999450683594,158.4199981689453,2708400
2021-12-20,155.52999877929688,156.0,151.22999572753906,153.36000061035156,1589500
2021-12-21,155.50999450683594,158.22999572753906,154.6699981689453,158.02000427246094,1960400
2021-12-22,158.4199981689453,161.80999755859375,158.02999877929688,160.82000732421875,1136900
2021-12-23,162.2100067138672,163.7899932861328,161.82000732421875,162.39999389648438,698600
2021-12-27,162.72000122070312,164.3000030517578,160.5,163.4499969482422,746100
2021-12-28,162.97000122070312,164.47999572753906,162.25,162.6300048828125,689300
2021-12-29,163.52999877929688,164.6199951171875,162.22999572753906,163.2100067138672,539200
2021-12-30,164.3300018310547,166.02000427246094,162.94000244140625,163.13999938964844,513300
2021-12-31,162.47999572753906,165.72000122070312,162.11000061035156,164.9499969482422,578400
2022-01-03,166.3800048828125,168.22999572753906,165.0,166.02999877929688,1184400
2022-01-04,167.64999389648438,174.3800048828125,167.2899932861328,172.2100067138672,1713900
2022-01-05,172.5,173.94000244140625,168.25999450683594,168.27999877929688,1205500
2022-01-06,168.8800048828125,174.25999450683594,165.5,174.1199951171875,2041000
2022-01-07,173.77000427246094,175.91000366210938,169.36000061035156,169.47000122070312,1502400
2022-01-10,167.75999450683594,169.5500030517578,160.8300018310547,165.07000732421875,1021600
2022-01-11,158.39999389648438,162.2899932861328,157.7100067138672,159.6999969482422,2827800
2022-01-12,161.77999877929688,163.80999755859375,157.32000732421875,159.7899932861328,1532200
2022-01-13,160.52999877929688,163.52000427246094,158.5,158.57000732421875,1984500
2022-01-14,156.0,156.3699951171875,148.77999877929688,152.60000610351562,2237400
2022-01-18,151.6199951171875,151.6699981689453,147.72999572753906,149.55999755859375,1865600
2022-01-19,151.3000030517578,151.36000061035156,145.74000549316406,145.8800048828125,1468500
2022-01-20,146.64999389648438,148.9199981689453,141.72999572753906,142.0,1519800
2022-01-21,140.82000732421875,144.5,139.64999389648438,140.19000244140625,2900300
2022-01-24,134.6699981689453,140.22000122070312,127.86000061035156,139.88999938964844,2837300
2022-01-25,136.02999877929688,138.25999450683594,132.88999938964844,135.92999267578125,2162900
2022-01-26,138.89999389648438,141.57000732421875,132.88999938964844,135.2100067138672,1569000
2022-01-27,137.42999267578125,139.38999938964844,130.0500030517578,132.00999450683594,2125400
2022-01-28,131.77000427246094,132.0399932861328,127.62999725341797,130.97999572753906,3273600
2022-01-31,130.88999938964844,136.92999267578125,130.4199981689453,136.5800018310547,3579400
2022-02-01,138.30999755859375,141.25999450683594,135.44000244140625,139.99000549316406,3510000
2022-02-02,140.42999267578125,141.80999755859375,138.0399932861328,139.7899932861328,1944400
2022-02-03,134.50999450683594,139.38999938964844,131.69000244140625,131.86000061035156,2601100
2022-02-04,129.27999877929688,134.10000610351562,128.83999633789062,132.1999969482422,2620000
2022-02-07,132.24000549316406,134.19000244140625,130.6300048828125,130.83999633789062,1614000
2022-02-08,131.3000030517578,134.77000427246094,129.88999938964844,134.24000549316406,2025900
2022-02-09,136.00999450683594,139.58999633789062,135.9199981689453,139.27999877929688,1686100
2022-02-10,136.89999389648438,141.13999938964844,134.89999389648438,135.9199981689453,1977300
2022-02-11,135.9199981689453,137.38999938964844,132.4499969482422,134.0,1961000
2022-02-14,134.25999450683594,137.97999572753906,134.25999450683594,136.60000610351562,2442800
2022-02-15,139.4499969482422,143.99000549316406,139.22999572753906,143.61000061035156,2572900
2022-02-16,140.4199981689453,147.0500030517578,140.4199981689453,146.25999450683594,1861600
2022-02-17,143.67999267578125,145.8300018310547,142.1199951171875,143.1300048828125,1554000
2022-02-18,143.6999969482422,144.72000122070312,140.30999755859375,141.14999389648438,1227500
2022-02-22,140.4499969482422,142.0399932861328,135.72000122070312,137.52000427246094,1302500
2022-02-23,139.2899932861328,139.2899932861328,132.57000732421875,133.25,1396900
2022-02-24,127.33999633789062,134.3300018310547,125.55999755859375,134.22000122070312,2223400
2022-02-25,135.13999938964844,136.8300018310547,132.94000244140625,136.0,1448200
2022-02-28,132.7899932861328,133.97999572753906,127.69000244140625,129.44000244140625,2816000
2022-03-01,128.6999969482422,129.1999969482422,117.0,118.05000305175781,4974300
2022-03-02,119.5199966430664,122.87000274658203,118.12999725341797,121.70999908447266,3267200
2022-03-03,121.83000183105469,122.52999877929688,116.12999725341797,116.87000274658203,2093800
2022-03-04,114.36000061035156,114.62000274658203,104.30999755859375,105.87000274658203,5645900
2022-03-07,105.43000030517578,106.63999938964844,97.29000091552734,97.62999725341797,4971200
2022-03-08,99.93000030517578,105.70999908447266,94.75,100.13999938964844,6261000
2022-03-09,107.69999694824219,108.62000274658203,103.97000122070312,104.61000061035156,2756900
2022-03-10,101.0999984741211,106.08000183105469,100.54000091552734,105.68000030517578,3082800
2022-03-11,107.01000213623047,107.62000274658203,104.44999694824219,106.1500015258789,2859500
2022-03-14,105.93000030517578,109.44999694824219,104.0,104.47000122070312,2840500
2022-03-15,105.94999694824219,110.55000305175781,105.55000305175781,108.06999969482422,1966000
2022-03-16,110.38999938964844,117.43000030517578,110.38999938964844,116.70999908447266,3168600
2022-03-17,113.36000061035156,117.68000030517578,112.77999877929688,115.69999694824219,1684200
2022-03-18,115.23999786376953,119.7699966430664,114.11000061035156,118.69999694824219,2667000
2022-03-21,117.97000122070312,118.8499984741211,114.94000244140625,116.19000244140625,2776800
2022-03-22,116.95999908447266,118.66000366210938,116.20999908447266,118.30000305175781,2083100
2022-03-23,118.0,119.0999984741211,117.2300033569336,117.94000244140625,4250900
2022-03-24,119.05999755859375,119.37999725341797,117.52999877929688,118.77999877929688,1816600
2022-03-25,118.27999877929688,119.48999786376953,116.41000366210938,118.23999786376953,1415200
2022-03-28,118.23999786376953,119.25,117.44000244140625,118.8499984741211,1530900
2022-03-29,125.9800033569336,129.17999267578125,123.3499984741211,126.13999938964844,2424200
2022-03-30,123.33000183105469,124.5,121.77999877929688,122.16000366210938,1299800
2022-03-31,120.45999908447266,121.91000366210938,119.6500015258789,119.70999908447266,2424300
2022-04-01,120.52999877929688,121.98999786376953,118.45999908447266,119.06999969482422,1819700
2022-04-04,119.0,119.61000061035156,117.95999908447266,118.7300033569336,1371200
2022-04-05,116.56999969482422,117.45999908447266,111.97000122070312,112.77999877929688,2275700
2022-04-06,112.80000305175781,112.80000305175781,109.47000122070312,111.38999938964844,2220800
2022-04-07,110.13999938964844,111.06999969482422,107.38999938964844,110.22000122070312,1572500
2022-04-08,109.3499984741211,111.16999816894531,108.16999816894531,108.37000274658203,1581200
2022-04-11,107.27999877929688,112.44999694824219,106.66999816894531,108.20999908447266,2282300
2022-04-12,110.54000091552734,113.19999694824219,109.86000061035156,110.86000061035156,2105100
2022-04-13,110.16000366210938,111.69999694824219,108.58000183105469,108.9000015258789,1981200
2022-04-14,109.13999938964844,110.12000274658203,107.1500015258789,107.51000213623047,1180700
2022-04-18,103.20999908447266,107.02999877929688,103.20999908447266,105.77999877929688,1427800
2022-04-19,106.37000274658203,110.83000183105469,106.37000274658203,110.47000122070312,1122000
2022-04-20,111.62999725341797,113.7300033569336,110.98999786376953,111.04000091552734,1419800
2022-04-21,114.51000213623047,115.23999786376953,109.05000305175781,109.45999908447266,1202100
2022-04-22,107.55000305175781,109.23999786376953,106.25,106.4800033569336,1289900
2022-04-25,106.12999725341797,107.94000244140625,104.01000213623047,107.62999725341797,1599000
2022-04-26,106.08000183105469,107.2699966430664,101.7699966430664,102.51000213623047,1621400
2022-04-27,102.95999908447266,105.7699966430664,102.33999633789062,103.70999908447266,1274500
2022-04-28,106.01000213623047,108.5,103.06999969482422,107.83999633789062,1395400
2022-04-29,107.4000015258789,109.9000015258789,106.08000183105469,106.4000015258789,1423100
2022-05-02,106.12000274658203,108.83999633789062,103.98999786376953,108.69000244140625,1486000
2022-05-03,108.48999786376953,109.19999694824219,106.54000091552734,107.61000061035156,3006900
2022-05-04,107.29000091552734,110.63999938964844,105.55999755859375,110.41999816894531,2978300
2022-05-05,106.08000183105469,110.94000244140625,103.4000015258789,104.62999725341797,2492000
2022-05-06,104.47000122070312,104.69999694824219,98.95999908447266,101.83999633789062,2474500
2022-05-09,99.94000244140625,100.81999969482422,94.72000122070312,95.20999908447266,2133400
2022-05-10,97.9800033569336,98.18000030517578,92.16999816894531,95.9000015258789,2841600
2022-05-11,96.3499984741211,98.01000213623047,90.58999633789062,90.73999786376953,2837200
2022-05-12,89.52999877929688,93.61000061035156,88.1500015258789,91.48999786376953,2683000
2022-05-13,94.05000305175781,98.66999816894531,93.26000213623047,98.12999725341797,1536800
2022-05-16,96.08999633789062,96.83000183105469,92.26000213623047,95.12000274658203,2998700
2022-05-17,98.08000183105469,99.25,96.83000183105469,99.16999816894531,1696700
2022-05-18,96.91000366210938,98.38999938964844,93.94999694824219,94.1500015258789,1911100
2022-05-19,93.93000030517578,97.31999969482422,92.94000244140625,94.93000030517578,2330500
2022-05-20,97.25,97.66000366210938,90.62999725341797,93.58000183105469,1812100
2022-05-23,95.33000183105469,95.33000183105469,92.41000366210938,94.0,2036000
2022-05-24,93.11000061035156,93.54000091552734,90.36000061035156,91.06999969482422,1691900
2022-05-25,90.51000213623047,94.19000244140625,89.83999633789062,93.5,1208800
2022-05-26,95.4800033569336,102.45999908447266,95.45999908447266,101.75,3394500
2022-05-27,103.20999908447266,105.44999694824219,103.0,104.3499984741211,2486700
2022-05-31,104.3499984741211,107.30000305175781,102.36000061035156,106.23999786376953,3235200
2022-06-01,106.7699966430664,108.47000122070312,105.19000244140625,107.5199966430664,2510800
2022-06-02,108.0,110.98999786376953,107.52999877929688,110.88999938964844,1781100
2022-06-03,108.11000061035156,109.26000213623047,106.0199966430664,106.27999877929688,1253300
2022-06-06,108.5199966430664,111.02999877929688,107.44000244140625,109.88999938964844,1745400
2022-06-07,108.2300033569336,111.11000061035156,107.33999633789062,109.66000366210938,1298300
2022-06-08,109.3499984741211,111.37000274658203,107.91999816894531,109.7699966430664,1055100
2022-06-09,108.66999816894531,109.73999786376953,107.18000030517578,107.22000122070312,813600
2022-06-10,104.5,105.95999908447266,101.0999984741211,101.31999969482422,1485600
2022-06-13,97.77999877929688,98.20999908447266,93.54000091552734,95.23999786376953,1796500
2022-06-14,95.62999725341797,96.62000274658203,94.05000305175781,94.91999816894531,1721000
2022-06-15,96.6500015258789,97.83999633789062,91.18000030517578,95.45999908447266,3937900
2022-06-16,92.02999877929688,92.33000183105469,85.27999877929688,86.16000366210938,2731500
2022-06-17,85.88999938964844,88.43000030517578,84.13999938964844,86.83999633789062,3739500
2022-06-21,90.04000091552734,91.33000183105469,88.45999908447266,90.69000244140625,2218300
2022-06-22,89.69000244140625,93.63999938964844,89.37999725341797,90.95999908447266,1861300
2022-06-23,90.83000183105469,92.4000015258789,89.75,92.13999938964844,2723800
2022-06-24,93.0,97.16000366210938,92.75,97.08999633789062,2437000
2022-06-27,97.9000015258789,99.08999633789062,96.13999938964844,97.5,2209400
2022-06-28,97.62999725341797,100.33000183105469,95.5199966430664,95.61000061035156,1679900
2022-06-29,94.58999633789062,94.97000122070312,91.62999725341797,92.7699966430664,1285000
2022-06-30,90.44000244140625,90.54000091552734,86.51000213623047,89.06999969482422,2450500
2022-07-01,89.08000183105469,92.5,88.6500015258789,91.44999694824219,1878300
2022-07-05,87.9000015258789,90.68000030517578,85.91999816894531,90.62999725341797,1832400
2022-07-06,90.23999786376953,91.66000366210938,86.98999786376953,87.54000091552734,1621600
2022-07-07,89.83999633789062,92.97000122070312,89.12000274658203,92.69999694824219,1668200
2022-07-08,92.73999786376953,93.62000274658203,90.75,92.45999908447266,1218700
2022-07-11,91.08000183105469,91.94000244140625,87.26000213623047,87.51000213623047,1757800
2022-07-12,87.79000091552734,91.45999908447266,87.3499984741211,89.91000366210938,2568200
2022-07-13,87.61000061035156,90.41000366210938,86.04000091552734,89.6500015258789,1571300
2022-07-14,87.80000305175781,88.75,85.05999755859375,87.58000183105469,1737600
2022-07-15,90.0999984741211,91.91999816894531,88.47000122070312,91.47000122070312,1827100
2022-07-18,93.16999816894531,94.18000030517578,90.37999725341797,90.81999969482422,1082200
2022-07-19,93.08000183105469,97.19000244140625,93.08000183105469,97.11000061035156,1635500
2022-07-20,96.55000305175781,98.97000122070312,96.0,98.38999938964844,1756400
2022-07-21,97.66999816894531,100.45999908447266,97.33000183105469,100.41000366210938,2213300
2022-07-22,101.19000244140625,101.25,96.83999633789062,97.62999725341797,1113000
2022-07-25,98.36000061035156,98.61000061035156,95.6500015258789,97.87000274658203,1204900
2022-07-26,96.44999694824219,97.41999816894531,95.44000244140625,96.23999786376953,1854700
2022-07-27,97.25,100.69999694824219,96.88999938964844,100.29000091552734,1938900
2022-07-28,101.58999633789062,103.61000061035156,99.66999816894531,103.55999755859375,1651200
2022-07-29,103.88999938964844,105.0,103.18000030517578,104.88999938964844,1553200
2022-08-01,103.63999938964844,107.54000091552734,103.04000091552734,106.37999725341797,2152600
2022-08-02,105.20999908447266,109.79000091552734,105.05000305175781,108.44000244140625,2964100
2022-08-03,109.19000244140625,110.3499984741211,108.23999786376953,109.73999786376953,2288700
2022-08-04,101.0,102.44999694824219,98.16999816894531,99.06999969482422,5611700
2022-08-05,97.20999908447266,100.37999725341797,96.47000122070312,98.41000366210938,3269500
2022-08-08,100.30999755859375,103.79000091552734,99.66999816894531,102.4800033569336,2108600
2022-08-09,102.2300033569336,102.2300033569336,98.87000274658203,99.43000030517578,2186300
2022-08-10,103.88999938964844,106.38999938964844,103.47000122070312,105.33000183105469,1891900
2022-08-11,107.19999694824219,109.23999786376953,106.02999877929688,108.62999725341797,2265300
2022-08-12,110.08000183105469,111.7699966430664,108.77999877929688,111.43000030517578,1827000
2022-08-15,109.52999877929688,110.58000183105469,108.6500015258789,108.79000091552734,1704000
2022-08-16,107.97000122070312,109.1500015258789,107.47000122070312,108.06999969482422,1419500
2022-08-17,105.5199966430664,107.0,104.48999786376953,106.0999984741211,1735300
2022-08-18,106.01000213623047,107.5,105.31999969482422,106.75,1149000
2022-08-19,105.0,105.63999938964844,102.9800033569336,103.7699966430664,1386100
2022-08-22,100.29000091552734,100.48999786376953,95.83999633789062,96.12000274658203,2654500
2022-08-23,96.58999633789062,98.51000213623047,95.95999908447266,96.02999877929688,1563500
2022-08-24,96.55000305175781,98.6500015258789,96.30000305175781,97.5,1020900
2022-08-25,98.37000274658203,100.1500015258789,98.05000305175781,99.86000061035156,1464100
2022-08-26,99.79000091552734,100.36000061035156,94.54000091552734,94.55000305175781,1252900
2022-08-29,93.33000183105469,95.30999755859375,93.08999633789062,94.62999725341797,1236700
2022-08-30,95.75,96.83999633789062,93.05999755859375,94.31999969482422,1185400
2022-08-31,94.93000030517578,95.56999969482422,93.23999786376953,93.43000030517578,2241800
2022-09-01,91.87000274658203,93.66999816894531,89.69999694824219,93.55999755859375,1411200
2022-09-02,95.33999633789062,95.63999938964844,90.83000183105469,91.30999755859375,1420800
2022-09-06,91.02999877929688,91.73999786376953,88.06999969482422,88.91000366210938,1692700
2022-09-07,88.70999908447266,92.33999633789062,88.70999908447266,92.08999633789062,2266900
2022-09-08,90.1500015258789,93.47000122070312,89.45999908447266,93.41999816894531,1129500
2022-09-09,94.2699966430664,96.91000366210938,93.93000030517578,96.73999786376953,1390800
2022-09-12,97.83000183105469,99.9000015258789,97.41000366210938,99.75,1613400
2022-09-13,95.08000183105469,98.58000183105469,94.87999725341797,97.02999877929688,2038400
2022-09-14,97.23999786376953,98.20999908447266,95.25,97.63999938964844,1731100
2022-09-15,96.5,102.16999816894531,96.4000015258789,96.75,1922900
2022-09-16,95.52999877929688,96.2300033569336,92.66000366210938,93.27999877929688,2808400
2022-09-19,91.81999969482422,96.45999908447266,91.68000030517578,96.19999694824219,1390100
2022-09-20,94.45999908447266,94.79000091552734,92.4800033569336,93.02999877929688,2031700
2022-09-21,93.4000015258789,94.86000061035156,90.83999633789062,90.8499984741211,1553800
2022-09-22,90.51000213623047,91.02999877929688,86.13999938964844,86.87000274658203,1935400
2022-09-23,84.69999694824219,85.05000305175781,81.97000122070312,83.55000305175781,2597700
2022-09-26,83.48999786376953,85.9800033569336,83.22000122070312,83.62999725341797,1661500
2022-09-27,85.29000091552734,85.29000091552734,81.51000213623047,83.0,1959900
2022-09-28,83.41999816894531,86.58000183105469,83.11000061035156,85.94000244140625,1792500
2022-09-29,82.45999908447266,83.08999633789062,79.04000091552734,80.44999694824219,2048400
2022-09-30,80.0,81.62999725341797,78.08000183105469,78.20999908447266,2100600
2022-10-03,79.56999969482422,84.8499984741211,77.95999908447266,83.04000091552734,2238600
2022-10-04,85.80999755859375,88.23999786376953,85.69000244140625,88.12999725341797,2097100
2022-10-05,86.19999694824219,87.54000091552734,85.0199966430664,87.0999984741211,1357100
2022-10-06,86.69000244140625,88.69999694824219,86.37999725341797,88.37000274658203,1710300
2022-10-07,86.2300033569336,86.62999725341797,83.26000213623047,85.19000244140625,2419000
2022-10-10,84.73999786376953,85.05000305175781,81.68000030517578,83.4000015258789,1807600
2022-10-11,83.0199966430664,84.41999816894531,81.29000091552734,81.91999816894531,1884200
2022-10-12,82.30999755859375,82.5199966430664,80.68000030517578,81.80999755859375,2048500
2022-10-13,79.05000305175781,84.27999877929688,78.27999877929688,83.44000244140625,1965400
2022-10-14,84.8499984741211,86.05999755859375,80.75,81.38999938964844,1610600
2022-10-17,84.30999755859375,85.68000030517578,83.44999694824219,85.33999633789062,1277500
2022-10-18,88.87999725341797,89.1500015258789,86.76000213623047,88.16000366210938,2419000
2022-10-19,86.93000030517578,88.26000213623047,85.18000030517578,85.94999694824219,1446800
2022-10-20,85.81999969482422,88.31999969482422,84.19999694824219,84.66000366210938,1466800
2022-10-21,85.30999755859375,87.41000366210938,84.13999938964844,87.04000091552734,2488200
2022-10-24,87.5199966430664,89.61000061035156,86.31999969482422,88.58000183105469,1514500
2022-10-25,88.80000305175781,90.55999755859375,88.80000305175781,90.30000305175781,2362000
2022-10-26,90.27999877929688,91.2300033569336,89.18000030517578,89.4000015258789,1860900
2022-10-27,90.69999694824219,91.0999984741211,88.23999786376953,88.51000213623047,1958800
2022-10-28,88.08000183105469,90.69999694824219,87.27999877929688,90.54000091552734,1700600
2022-10-31,90.19999694824219,91.36000061035156,89.16000366210938,91.06999969482422,1625000
2022-11-01,93.12999725341797,93.61000061035156,91.13999938964844,91.58999633789062,1701600
2022-11-02,90.58999633789062,92.41000366210938,87.83000183105469,88.0,2721500
2022-11-03,92.33000183105469,94.22000122070312,87.4000015258789,91.62000274658203,3180600
2022-11-04,94.63999938964844,99.25,94.06999969482422,97.62999725341797,3071000
2022-11-07,98.5999984741211,99.27999877929688,96.55000305175781,99.16999816894531,2875900
2022-11-08,98.95999908447266,101.94999694824219,98.2300033569336,101.12999725341797,2631500
2022-11-09,99.97000122070312,101.12999725341797,97.37999725341797,97.47000122070312,1939500
2022-11-10,103.4800033569336,109.48999786376953,103.16999816894531,109.31999969482422,3462000
2022-11-11,109.61000061035156,113.2699966430664,108.83999633789062,111.70999908447266,2063700
2022-11-14,110.80000305175781,111.5199966430664,109.0,109.62999725341797,1957800
2022-11-15,111.06999969482422,114.06999969482422,110.62999725341797,111.1500015258789,1894400
2022-11-16,109.61000061035156,110.05000305175781,107.94000244140625,108.88999938964844,1877700
2022-11-17,106.2300033569336,106.94999694824219,104.7699966430664,106.72000122070312,1421700
2022-11-18,109.33000183105469,109.47000122070312,106.30000305175781,108.02999877929688,1254200
2022-11-21,106.3499984741211,107.47000122070312,105.19999694824219,105.83999633789062,1110200
2022-11-22,106.80999755859375,107.36000061035156,105.94999694824219,107.06999969482422,1146200
2022-11-23,106.73999786376953,108.05000305175781,106.0999984741211,106.91000366210938,759000
2022-11-25,106.79000091552734,107.01000213623047,105.12999725341797,105.86000061035156,614300
2022-11-28,102.33000183105469,104.47000122070312,101.02999877929688,102.0199966430664,1748200
2022-11-29,102.91000366210938,102.94999694824219,101.18000030517578,101.87999725341797,1250500
2022-11-30,103.01000213623047,106.69000244140625,102.11000061035156,106.66999816894531,2968100
2022-12-01,106.94999694824219,107.66999816894531,104.5,105.19000244140625,1707600
2022-12-02,102.62000274658203,104.0199966430664,101.08000183105469,103.7300033569336,1393300
2022-12-05,103.2699966430664,103.2699966430664,100.06999969482422,101.62999725341797,1571000
2022-12-06,102.13999938964844,102.45999908447266,98.44000244140625,99.70999908447266,1378400
2022-12-07,98.55000305175781,100.22000122070312,97.51000213623047,97.79000091552734,1847100
2022-12-08,98.0,98.0,92.73999786376953,93.45999908447266,3447300
2022-12-09,92.37999725341797,93.33999633789062,91.5199966430664,93.27999877929688,2554600
2022-12-12,93.02999877929688,96.44000244140625,92.83000183105469,96.11000061035156,2465900
2022-12-13,100.48999786376953,100.48999786376953,96.23999786376953,97.58000183105469,2527100
2022-12-14,96.87999725341797,98.05000305175781,95.66999816894531,96.5999984741211,1721200
2022-12-15,95.38999938964844,96.6500015258789,94.25,95.97000122070312,2223100
2022-12-16,94.9000015258789,95.52999877929688,92.88999938964844,93.4800033569336,3960600
2022-12-19,93.7300033569336,94.13999938964844,92.4000015258789,93.11000061035156,3021200
2022-12-20,92.70999908447266,94.27999877929688,91.94999694824219,93.69999694824219,1849300
2022-12-21,94.77999877929688,95.2300033569336,93.86000061035156,94.13999938964844,1561800
2022-12-22,91.97000122070312,92.9800033569336,89.62999725341797,91.0,1705900
2022-12-23,90.80999755859375,91.69000244140625,89.81999969482422,91.26000213623047,1304200
2022-12-27,91.06999969482422,92.4800033569336,90.13999938964844,91.5,921900
2022-12-28,91.5999984741211,91.80000305175781,90.05999755859375,90.27999877929688,1412200
2022-12-29,91.98999786376953,93.97000122070312,91.76000213623047,93.80999755859375,1189800
2022-12-30,92.76000213623047,93.58999633789062,91.9800033569336,93.12999725341797,951600
2023-01-03,94.80999755859375,95.18000030517578,92.0199966430664,92.94999694824219,1340400
2023-01-04,94.48999786376953,96.08999633789062,94.01000213623047,95.87999725341797,1804300
2023-01-05,94.58999633789062,96.63999938964844,93.98999786376953,95.86000061035156,1021700
2023-01-06,96.66999816894531,99.05000305175781,95.87999725341797,98.30999755859375,1405300
2023-01-09,97.94000244140625,100.02999877929688,97.29000091552734,97.9800033569336,1570900
2023-01-10,97.9800033569336,99.69000244140625,96.98999786376953,99.63999938964844,1275300
2023-01-11,100.29000091552734,100.9000015258789,98.91000366210938,99.27999877929688,2285200
2023-01-12,99.6500015258789,102.5,99.0,101.66999816894531,1627800
2023-01-13,99.87999725341797,101.62000274658203,98.5,101.55000305175781,1294300
2023-01-17,102.2300033569336,103.58000183105469,101.41000366210938,102.55000305175781,1638600
2023-01-18,104.05000305175781,105.72000122070312,102.55999755859375,102.63999938964844,1949700
2023-01-19,101.29000091552734,102.0999984741211,98.68000030517578,101.0999984741211,1451800
2023-01-20,101.51000213623047,104.27999877929688,100.97000122070312,104.08000183105469,1943300
2023-01-23,105.41000366210938,107.5999984741211,104.61000061035156,107.3499984741211,1955700
2023-01-24,106.5,106.83000183105469,104.93000030517578,106.0199966430664,1326800
2023-01-25,104.30000305175781,105.95999908447266,103.12000274658203,105.7699966430664,1447900
2023-01-26,107.0199966430664,107.79000091552734,105.02999877929688,106.80000305175781,945900
2023-01-27,108.0,112.62999725341797,107.5199966430664,110.58999633789062,1928500
2023-01-30,108.37000274658203,111.1500015258789,108.0199966430664,109.83000183105469,1847900
2023-01-31,110.62999725341797,113.37000274658203,109.47000122070312,113.08999633789062,1777400
2023-02-01,112.75,115.08000183105469,111.01000213623047,114.75,2165300
2023-02-02,114.75,122.27999877929688,114.08000183105469,118.68000030517578,3558100
2023-02-03,113.9800033569336,118.62999725341797,113.9800033569336,115.7300033569336,1931700
2023-02-06,114.19000244140625,115.52999877929688,113.80000305175781,114.94999694824219,1128700
2023-02-07,114.31999969482422,116.43000030517578,113.7699966430664,115.91000366210938,1240700
2023-02-08,114.4800033569336,116.19999694824219,114.23999786376953,115.79000091552734,1265600
2023-02-09,117.81999969482422,119.29000091552734,115.45999908447266,116.01000213623047,2306600
2023-02-10,113.9000015258789,114.2300033569336,111.62999725341797,112.80000305175781,2390800
2023-02-13,112.5,113.5999984741211,111.66999816894531,112.79000091552734,2528400
2023-02-14,113.55000305175781,122.2699966430664,113.30000305175781,121.0999984741211,4074400
2023-02-15,122.08999633789062,124.87999725341797,122.0,123.06999969482422,2731100
2023-02-16,120.7300033569336,123.30999755859375,120.51000213623047,120.7300033569336,2014800
2023-02-17,119.36000061035156,119.83000183105469,118.0,119.63999938964844,1428100
2023-02-21,117.2699966430664,119.61000061035156,116.2300033569336,116.30000305175781,1945100
2023-02-22,116.55999755859375,117.61000061035156,114.37999725341797,116.0999984741211,1374500
2023-02-23,116.97000122070312,117.7300033569336,113.83999633789062,116.44000244140625,1441400
2023-02-24,114.0,115.55999755859375,112.91999816894531,114.94000244140625,1496900
2023-02-27,116.62000274658203,117.69999694824219,115.94000244140625,116.29000091552734,1124700
2023-02-28,116.31999969482422,117.69000244140625,115.7699966430664,116.27999877929688,2126100
2023-03-01,117.3499984741211,120.6500015258789,117.05999755859375,118.0999984741211,2095300
2023-03-02,116.30000305175781,117.18000030517578,114.6500015258789,116.93000030517578,1602700
2023-03-03,117.80000305175781,119.69000244140625,117.23999786376953,119.30000305175781,1041600
2023-03-06,120.0,120.31999969482422,117.94999694824219,118.44999694824219,1034000
2023-03-07,118.5999984741211,119.62000274658203,116.4000015258789,116.58000183105469,1180800
2023-03-08,116.68000030517578,117.26000213623047,115.58999633789062,116.9000015258789,1356400
2023-03-09,116.83999633789062,117.61000061035156,113.19999694824219,113.43000030517578,1265700
2023-03-10,113.69999694824219,113.76000213623047,109.63999938964844,111.08000183105469,1502400
2023-03-13,108.0999984741211,110.6500015258789,105.94999694824219,110.25,2421600
2023-03-14,112.26000213623047,115.12000274658203,111.37999725341797,113.0,2652300
2023-03-15,108.94999694824219,110.0199966430664,106.73999786376953,108.76000213623047,2532800
2023-03-16,107.77999877929688,112.5,107.75,112.16999816894531,1942000
2023-03-17,110.66999816894531,111.1500015258789,106.55000305175781,107.19999694824219,2985600
2023-03-20,107.20999908447266,110.12000274658203,107.16000366210938,108.80999755859375,1652200
2023-03-21,111.52999877929688,112.25,110.44000244140625,110.9800033569336,1925800
2023-03-22,111.0,111.18000030517578,107.70999908447266,107.76000213623047,1495100
2023-03-23,108.37999725341797,110.55000305175781,106.45999908447266,107.69999694824219,1781800
2023-03-24,106.95999908447266,107.69999694824219,105.93000030517578,107.18000030517578,2772200
2023-03-27,108.2300033569336,109.83000183105469,107.22000122070312,108.0999984741211,2193400
2023-03-28,108.56999969482422,109.16999816894531,107.5,107.9800033569336,1292600
2023-03-29,109.68000030517578,109.9000015258789,108.12000274658203,109.55999755859375,1934100
2023-03-30,111.3499984741211,111.87000274658203,109.43000030517578,109.9000015258789,1379100
2023-03-31,110.75,112.30999755859375,110.27999877929688,112.19000244140625,2585000
2023-04-03,111.12000274658203,112.58000183105469,109.77999877929688,110.48999786376953,1927000
2023-04-04,110.36000061035156,111.04000091552734,106.80000305175781,107.22000122070312,1696800
2023-04-05,106.19999694824219,107.31999969482422,104.04000091552734,104.5,1287500
2023-04-06,103.66999816894531,103.93000030517578,101.9000015258789,103.0199966430664,1648400
2023-04-10,102.56999969482422,104.36000061035156,102.29000091552734,104.33999633789062,1107800
2023-04-11,104.55999755859375,105.95999908447266,104.2300033569336,104.97000122070312,1396900
2023-04-12,106.44000244140625,106.87999725341797,103.73999786376953,104.19000244140625,958400
2023-04-13,105.16000366210938,106.38999938964844,104.0,106.04000091552734,2168000
2023-04-14,106.27999877929688,109.08999633789062,105.70999908447266,107.06999969482422,1679300
2023-04-17,107.06999969482422,108.55000305175781,106.2699966430664,107.5999984741211,1118200
2023-04-18,108.16999816894531,109.05999755859375,107.04000091552734,107.51000213623047,1584800
2023-04-19,106.04000091552734,107.44000244140625,105.43000030517578,107.41000366210938,1608100
2023-04-20,104.01000213623047,106.9000015258789,103.9800033569336,106.08000183105469,2419500
2023-04-21,105.87999725341797,105.87999725341797,104.19999694824219,105.29000091552734,2066600
2023-04-24,105.86000061035156,106.25,105.12000274658203,105.61000061035156,2151200
2023-04-25,104.58000183105469,104.77999877929688,101.91999816894531,102.31999969482422,2135800
2023-04-26,102.25,103.66000366210938,101.70999908447266,102.86000061035156,1652800
2023-04-27,102.94999694824219,103.4000015258789,98.2300033569336,101.6500015258789,3305200
2023-04-28,101.44000244140625,103.05999755859375,100.79000091552734,102.86000061035156,1402800
2023-05-01,103.0199966430664,103.87000274658203,102.01000213623047,102.19000244140625,1472700
2023-05-02,101.58999633789062,101.83000183105469,100.04000091552734,101.2300033569336,1596600
2023-05-03,100.70999908447266,102.08000183105469,99.75,99.83999633789062,1747400
2023-05-04,97.41000366210938,97.97000122070312,91.47000122070312,92.05000305175781,4503000
2023-05-05,94.56999969482422,95.33999633789062,92.69000244140625,93.41999816894531,2561700
2023-05-08,93.66999816894531,94.30000305175781,92.5,93.97000122070312,1882900
2023-05-09,92.91999816894531,94.0199966430664,92.2699966430664,93.37000274658203,2548200
2023-05-10,95.58000183105469,95.86000061035156,93.9000015258789,94.91000366210938,2681100
2023-05-11,94.19000244140625,94.61000061035156,93.30999755859375,94.29000091552734,1727100
2023-05-12,94.61000061035156,95.12000274658203,91.86000061035156,92.69000244140625,2272100
2023-05-15,93.33999633789062,93.75,92.44999694824219,92.93000030517578,1872800
2023-05-16,91.6500015258789,92.37999725341797,90.81999969482422,90.9000015258789,1556200
2023-05-17,91.72000122070312,93.91000366210938,90.8499984741211,93.86000061035156,2392900
2023-05-18,93.55000305175781,95.20999908447266,93.30999755859375,94.83000183105469,2278500
2023-05-19,95.5,95.87999725341797,94.36000061035156,94.37000274658203,1713900
2023-05-22,94.54000091552734,94.98999786376953,93.80000305175781,94.43000030517578,1298700
2023-05-23,93.73999786376953,94.79000091552734,92.37000274658203,92.4800033569336,1654000
2023-05-24,91.61000061035156,91.9000015258789,89.55999755859375,90.5,3746800
2023-05-25,90.0,91.08999633789062,88.66000366210938,89.70999908447266,2649400
2023-05-26,90.48999786376953,92.62000274658203,90.41999816894531,92.12999725341797,2141800
2023-05-30,93.29000091552734,93.5,90.66999816894531,91.2300033569336,1677900
2023-05-31,90.0199966430664,90.12999725341797,86.66999816894531,88.08000183105469,4347900
2023-06-01,88.98999786376953,90.87000274658203,88.06999969482422,90.20999908447266,2029600
2023-06-02,92.52999877929688,93.87999725341797,91.86000061035156,93.69000244140625,2796400
2023-06-05,93.66999816894531,93.66999816894531,92.0,92.2699966430664,1758300
2023-06-06,91.91999816894531,95.52999877929688,91.91999816894531,95.44999694824219,1862200
2023-06-07,95.33999633789062,96.4000015258789,94.97000122070312,96.08999633789062,3228000
2023-06-08,98.47000122070312,99.37999725341797,97.08000183105469,97.4000015258789,3606700
2023-06-09,97.5999984741211,98.38999938964844,96.51000213623047,97.98999786376953,4740600
2023-06-12,99.0999984741211,100.62000274658203,98.37999725341797,100.2699966430664,1944100
2023-06-13,101.72000122070312,102.55999755859375,100.69999694824219,101.1500015258789,2093300
2023-06-14,101.48999786376953,103.12000274658203,100.11000061035156,101.01000213623047,2567200
2023-06-15,100.1500015258789,101.7699966430664,99.7300033569336,101.27999877929688,1409800
2023-06-16,101.25,101.87999725341797,100.43000030517578,101.44000244140625,3241100
2023-06-20,101.0,101.0,98.7300033569336,100.16000366210938,2037500
2023-06-21,99.9000015258789,100.48999786376953,98.80000305175781,99.7699966430664,1337300
2023-06-22,99.19999694824219,99.6500015258789,98.20999908447266,98.5999984741211,1520200
2023-06-23,96.63999938964844,98.01000213623047,95.86000061035156,97.4000015258789,2778200
2023-06-26,97.5199966430664,99.23999786376953,97.08000183105469,97.87000274658203,1122000
2023-06-27,98.93000030517578,100.79000091552734,98.37000274658203,100.54000091552734,1679100
2023-06-28,100.4800033569336,101.77999877929688,99.91000366210938,101.16999816894531,1380100
2023-06-29,101.94999694824219,102.45999908447266,100.55999755859375,100.88999938964844,1129700
2023-06-30,101.70999908447266,102.4800033569336,100.62999725341797,102.08999633789062,1143800
2023-07-03,102.0,103.77999877929688,102.0,103.02999877929688,943900
2023-07-05,103.56999969482422,104.1500015258789,102.51000213623047,103.47000122070312,1749700
2023-07-06,106.1500015258789,106.25,103.91000366210938,104.87999725341797,2232400
2023-07-07,105.13999938964844,108.31999969482422,105.13999938964844,107.55000305175781,1699400
2023-07-10,107.43000030517578,108.94000244140625,107.1500015258789,108.6500015258789,1848100
2023-07-11,109.3499984741211,111.61000061035156,109.01000213623047,110.37999725341797,2025800
2023-07-12,112.12999725341797,113.5999984741211,111.06999969482422,112.4000015258789,2313900
2023-07-13,112.9000015258789,113.08999633789062,111.1500015258789,112.37000274658203,2498900
2023-07-14,112.02999877929688,112.2699966430664,109.94999694824219,111.01000213623047,1418300
2023-07-17,110.08999633789062,110.69000244140625,108.77999877929688,109.2300033569336,1037000
2023-07-18,108.5999984741211,109.33999633789062,107.58999633789062,108.94000244140625,1965700
2023-07-19,108.93000030517578,110.5999984741211,108.30999755859375,110.37999725341797,1925000
2023-07-20,109.80999755859375,110.19999694824219,108.20999908447266,108.62000274658203,1366800
2023-07-21,110.04000091552734,110.33000183105469,108.05000305175781,109.23999786376953,1394400
2023-07-24,109.5,110.9800033569336,108.87000274658203,109.43000030517578,1096300
2023-07-25,108.98999786376953,110.2300033569336,108.5199966430664,109.9000015258789,1142300
2023-07-26,109.73999786376953,111.2699966430664,109.1500015258789,110.38999938964844,1255100
2023-07-27,112.0,112.25,109.02999877929688,109.25,2323800
2023-07-28,110.80000305175781,111.06999969482422,108.91999816894531,109.16999816894531,1273900
2023-07-31,108.93000030517578,110.05999755859375,108.73999786376953,109.48999786376953,1321400
2023-08-01,108.80000305175781,109.7699966430664,108.13999938964844,109.48999786376953,1408500
2023-08-02,108.20999908447266,109.08000183105469,106.20999908447266,106.27999877929688,2324500
2023-08-03,111.5199966430664,113.13999938964844,109.45999908447266,109.58000183105469,3788400
2023-08-04,110.72000122070312,110.87999725341797,106.66999816894531,106.80000305175781,2490200
2023-08-07,108.05000305175781,108.05000305175781,106.30000305175781,107.1500015258789,1687500
2023-08-08,104.87999725341797,106.3499984741211,104.0199966430664,106.31999969482422,1733300
2023-08-09,105.55000305175781,105.69999694824219,103.73999786376953,104.31999969482422,1891200
2023-08-10,104.77999877929688,105.77999877929688,102.05999755859375,103.18000030517578,1682700
2023-08-11,101.83999633789062,102.58000183105469,97.58999633789062,98.69999694824219,2761300
2023-08-14,97.69000244140625,99.45999908447266,97.02999877929688,99.43000030517578,1886500
2023-08-15,98.3499984741211,98.80000305175781,97.06999969482422,97.30000305175781,2465400
2023-08-16,96.43000030517578,96.77999877929688,95.18000030517578,95.62000274658203,1636100
2023-08-17,96.20999908447266,97.12999725341797,95.37999725341797,96.05999755859375,2244200
2023-08-18,95.0,96.94000244140625,94.83000183105469,95.87999725341797,1470500
2023-08-21,96.66999816894531,97.45999908447266,95.73999786376953,96.55999755859375,1185800
2023-08-22,96.87000274658203,97.2300033569336,95.9000015258789,96.12999725341797,1169900
2023-08-23,96.06999969482422,98.30999755859375,95.56999969482422,98.08000183105469,1204800
2023-08-24,97.62999725341797,98.6500015258789,96.27999877929688,96.36000061035156,1010200
2023-08-25,97.13999938964844,98.2300033569336,95.91999816894531,97.61000061035156,1486900
2023-08-28,99.18000030517578,100.0,98.63999938964844,98.87000274658203,2033600
2023-08-29,98.44000244140625,101.01000213623047,98.13999938964844,100.81999969482422,1186500
2023-08-30,100.41000366210938,102.05000305175781,100.22000122070312,101.63999938964844,1672200
2023-08-31,102.05999755859375,102.37000274658203,101.33000183105469,101.44999694824219,2026300
2023-09-01,101.94000244140625,104.58999633789062,101.7300033569336,104.48999786376953,1621100
2023-09-05,103.80000305175781,104.30000305175781,102.63999938964844,103.16000366210938,1748000
2023-09-06,103.25,104.55000305175781,102.04000091552734,102.3499984741211,1514300
2023-09-07,100.86000061035156,101.7699966430664,99.93000030517578,100.68000030517578,1397500
2023-09-08,100.94999694824219,100.94999694824219,99.05999755859375,100.4800033569336,1645800
2023-09-11,102.12999725341797,102.13999938964844,99.5199966430664,99.7699966430664,1454200
2023-09-12,99.04000091552734,103.16999816894531,98.93000030517578,102.66999816894531,2325800
2023-09-13,103.43000030517578,103.88999938964844,100.61000061035156,101.29000091552734,2162800
2023-09-14,101.93000030517578,102.48999786376953,99.98999786376953,102.29000091552734,2162600
2023-09-15,101.87000274658203,103.73999786376953,101.7699966430664,102.45999908447266,4737100
2023-09-18,101.55999755859375,102.51000213623047,100.9000015258789,101.38999938964844,1606700
2023-09-19,101.06999969482422,102.86000061035156,100.41999816894531,102.56999969482422,1422100
2023-09-20,103.31999969482422,104.72000122070312,101.7699966430664,101.8499984741211,1102300
2023-09-21,100.5199966430664,100.7699966430664,97.87999725341797,97.9000015258789,1601500
2023-09-22,98.43000030517578,99.26000213623047,97.62999725341797,97.93000030517578,1812700
2023-09-25,97.01000213623047,99.23999786376953,97.01000213623047,99.08000183105469,1360400
2023-09-26,98.05000305175781,99.11000061035156,96.0999984741211,96.44999694824219,1182000
2023-09-27,97.2300033569336,97.51000213623047,95.0,95.86000061035156,1162500
2023-09-28,95.6500015258789,99.5999984741211,95.47000122070312,99.13999938964844,1602100
2023-09-29,100.43000030517578,100.87999725341797,98.47000122070312,98.58999633789062,1205200
2023-10-02,98.12000274658203,98.8499984741211,96.68000030517578,97.25,1145700
2023-10-03,96.29000091552734,96.81999969482422,94.08999633789062,94.56999969482422,1493900
2023-10-04,94.33000183105469,96.88999938964844,94.12000274658203,96.45999908447266,1790800
2023-10-05,95.97000122070312,96.38999938964844,92.72000122070312,94.05999755859375,1497200
2023-10-06,92.80000305175781,98.19999694824219,92.63999938964844,96.97000122070312,1965700
2023-10-09,95.29000091552734,97.26000213623047,94.87000274658203,96.83999633789062,844600
2023-10-10,97.2300033569336,98.91000366210938,97.05999755859375,98.12000274658203,925800
2023-10-11,98.5999984741211,99.11000061035156,97.80999755859375,98.91999816894531,851400
2023-10-12,98.94999694824219,99.30999755859375,96.27999877929688,97.0,1646300
2023-10-13,96.72000122070312,96.72000122070312,94.12000274658203,94.95999908447266,1063300
2023-10-16,95.77999877929688,97.88999938964844,95.77999877929688,96.62999725341797,1097000
2023-10-17,95.7300033569336,98.27999877929688,95.51000213623047,96.58000183105469,1861100
2023-10-18,95.22000122070312,95.22000122070312,91.7699966430664,92.01000213623047,1867600
2023-10-19,93.0,93.41000366210938,89.83999633789062,90.25,2828900
2023-10-20,90.58999633789062,92.98999786376953,89.83000183105469,92.0,2973100
2023-10-23,91.20999908447266,92.13999938964844,89.41000366210938,89.6500015258789,1935900
2023-10-24,89.93000030517578,91.33000183105469,89.6500015258789,90.79000091552734,1217000
2023-10-25,90.0,90.26000213623047,88.41999816894531,89.37000274658203,1534600
2023-10-26,90.01000213623047,91.37999725341797,89.0999984741211,89.38999938964844,2305900
2023-10-27,89.0199966430664,89.05000305175781,85.55000305175781,86.01000213623047,2189000
2023-10-30,87.19000244140625,87.22000122070312,85.23999786376953,86.38999938964844,2989000
2023-10-31,86.48999786376953,87.61000061035156,85.83999633789062,87.19999694824219,2636200
2023-11-01,87.47000122070312,87.4800033569336,84.02999877929688,86.08000183105469,2958000
2023-11-02,78.26000213623047,80.73999786376953,71.01000213623047,77.19999694824219,10208500
2023-11-03,79.94999694824219,80.3499984741211,76.20999908447266,77.5,6142900
2023-11-06,78.08000183105469,78.3499984741211,73.86000061035156,74.44999694824219,4262500
2023-11-07,74.5199966430664,75.9800033569336,73.19999694824219,75.72000122070312,2828900
2023-11-08,75.9000015258789,76.45999908447266,73.26000213623047,73.95999908447266,3414100
2023-11-09,74.13999938964844,74.98999786376953,72.73999786376953,72.80999755859375,3059200
2023-11-10,73.11000061035156,76.62999725341797,72.80000305175781,75.93000030517578,4254100
2023-11-13,75.58000183105469,76.37999725341797,74.62999725341797,75.43000030517578,2468600
2023-11-14,77.58999633789062,80.56999969482422,77.41999816894531,79.41000366210938,3072900
2023-11-15,79.18000030517578,80.86000061035156,79.16999816894531,80.29000091552734,2949800
2023-11-16,79.75,80.37999725341797,78.0,79.1500015258789,2889600
2023-11-17,79.98999786376953,81.55999755859375,79.58999633789062,81.18000030517578,3003700
2023-11-20,81.18000030517578,81.9000015258789,80.30000305175781,81.45999908447266,1994600
2023-11-21,80.2699966430664,81.16000366210938,79.91000366210938,80.83000183105469,2301100
2023-11-22,81.68000030517578,82.87000274658203,81.16000366210938,81.62999725341797,2181600
2023-11-24,82.01000213623047,83.48999786376953,82.01000213623047,83.11000061035156,1170700
2023-11-27,82.72000122070312,83.38999938964844,81.77999877929688,81.80999755859375,1912700
2023-11-28,82.08000183105469,82.97000122070312,81.30999755859375,81.94999694824219,1644600
2023-11-29,83.4800033569336,84.1500015258789,82.02999877929688,82.2699966430664,1638000
2023-11-30,82.37000274658203,83.3499984741211,81.83000183105469,82.83999633789062,2790300
2023-12-01,82.5,84.02999877929688,81.93000030517578,84.01000213623047,2653700
2023-12-04,83.61000061035156,84.62000274658203,82.69999694824219,82.83000183105469,1841200
2023-12-05,82.19000244140625,82.55999755859375,80.44000244140625,80.8499984741211,3549200
2023-12-06,82.29000091552734,82.94000244140625,80.48999786376953,80.87999725341797,3027600
2023-12-07,80.73999786376953,81.30999755859375,78.98999786376953,80.8499984741211,2350300
2023-12-08,80.77999877929688,81.63999938964844,79.76000213623047,79.83000183105469,2421700
2023-12-11,79.3499984741211,81.11000061035156,79.04000091552734,80.61000061035156,3792300
2023-12-12,80.08999633789062,81.0,78.4000015258789,80.44000244140625,2650600
2023-12-13,79.93000030517578,81.61000061035156,78.7699966430664,81.58000183105469,3632200
2023-12-14,83.23999786376953,88.8499984741211,82.5,88.8499984741211,5038600
2023-12-15,87.73999786376953,88.2300033569336,86.5199966430664,87.19999694824219,5073900
2023-12-18,88.1500015258789,88.44999694824219,85.66000366210938,87.30000305175781,2110000
2023-12-19,87.80000305175781,89.11000061035156,87.61000061035156,88.83999633789062,1964300
2023-12-20,88.6500015258789,89.52999877929688,86.52999877929688,86.63999938964844,1746800
2023-12-21,88.02999877929688,89.33000183105469,87.91000366210938,89.06999969482422,1674600
2023-12-22,88.88999938964844,89.7699966430664,88.44999694824219,89.0199966430664,1079500
2023-12-26,89.41999816894531,89.87999725341797,88.66000366210938,89.44000244140625,2044000
2023-12-27,89.6500015258789,90.0999984741211,89.16999816894531,89.62999725341797,1009300
2023-12-28,89.41000366210938,90.81999969482422,89.04000091552734,90.47000122070312,1377400
2023-12-29,90.69999694824219,91.31999969482422,89.51000213623047,89.72000122070312,1520000
2024-01-02,89.11000061035156,91.66000366210938,88.70999908447266,90.16999816894531,1481100
2024-01-03,87.45999908447266,87.76000213623047,84.04000091552734,84.48999786376953,2746600
2024-01-04,81.0,84.3499984741211,79.27999877929688,83.58999633789062,4117900
2024-01-05,83.8499984741211,85.4000015258789,83.12000274658203,83.4800033569336,2199900
2024-01-08,83.44999694824219,84.9000015258789,81.80999755859375,84.55999755859375,2306300
2024-01-09,83.3499984741211,83.52999877929688,81.91999816894531,82.26000213623047,2429800
2024-01-10,82.37999725341797,83.37000274658203,81.5,82.91999816894531,1983700
2024-01-11,82.58000183105469,83.76000213623047,81.91999816894531,83.5999984741211,2455100
2024-01-12,84.22000122070312,84.5,80.81999969482422,80.87999725341797,2267900
2024-01-16,79.56999969482422,80.80000305175781,78.44000244140625,80.79000091552734,3305500
2024-01-17,79.5,79.87000274658203,78.19000244140625,78.86000061035156,2536600
2024-01-18,79.23999786376953,79.44000244140625,77.45999908447266,79.01000213623047,3338200
2024-01-19,78.68000030517578,79.38999938964844,78.0,79.0,4232700
2024-01-22,79.47000122070312,80.69000244140625,79.18000030517578,80.0,3280900
2024-01-23,81.61000061035156,82.87999725341797,81.05000305175781,81.63999938964844,4069200
2024-01-24,82.0999984741211,83.9000015258789,81.80999755859375,83.08000183105469,4393000
2024-01-25,83.33999633789062,84.58000183105469,82.47000122070312,84.5199966430664,2791500
2024-01-26,85.31999969482422,86.47000122070312,84.95999908447266,86.04000091552734,3458400
2024-01-29,85.26000213623047,87.47000122070312,84.98999786376953,87.44000244140625,2581700
2024-01-30,87.55000305175781,87.80999755859375,86.41000366210938,86.72000122070312,4054300
2024-01-31,85.98999786376953,88.88999938964844,81.1500015258789,81.33000183105469,5669800
2024-02-01,81.7699966430664,83.81999969482422,80.4000015258789,83.5,4805100
2024-02-02,82.8499984741211,84.5999984741211,82.45999908447266,83.5,4491300
2024-02-05,82.80999755859375,83.47000122070312,82.05000305175781,82.2300033569336,2699700
2024-02-06,81.72000122070312,85.08999633789062,81.45999908447266,84.19000244140625,3825000
2024-02-07,82.5,83.37999725341797,81.16000366210938,82.0199966430664,3690700
2024-02-08,81.69000244140625,82.0,80.9000015258789,81.29000091552734,3701600
2024-02-09,81.12000274658203,82.38999938964844,80.8499984741211,82.0199966430664,2928700
2024-02-12,82.0199966430664,84.2300033569336,81.61000061035156,83.77999877929688,2959000
2024-02-13,80.62000274658203,81.48999786376953,78.26000213623047,79.08999633789062,4272600
2024-02-14,80.18000030517578,80.62000274658203,78.5999984741211,79.13999938964844,2582300
2024-02-15,79.98999786376953,81.0,79.11000061035156,79.41000366210938,3658100
2024-02-16,78.87999725341797,79.52999877929688,77.62000274658203,78.95999908447266,3343000
2024-02-20,77.9800033569336,78.16999816894531,76.2699966430664,77.76000213623047,2757900
2024-02-21,77.30999755859375,77.73999786376953,76.7699966430664,77.62999725341797,3122000
2024-02-22,78.19999694824219,78.7699966430664,77.31999969482422,77.80000305175781,1941800
2024-02-23,77.63999938964844,78.2699966430664,76.97000122070312,77.2300033569336,2540400
2024-02-26,76.93000030517578,77.69999694824219,76.0999984741211,77.5199966430664,2782800
2024-02-27,78.4000015258789,79.94999694824219,78.05999755859375,78.83000183105469,2171700
2024-02-28,77.7300033569336,79.41999816894531,77.6500015258789,78.7699966430664,1515700
2024-02-29,79.47000122070312,80.02999877929688,78.66999816894531,79.48999786376953,2668400
2024-03-01,79.62999725341797,79.66999816894531,78.43000030517578,79.05000305175781,2117800
2024-03-04,78.91999816894531,78.97000122070312,77.55999755859375,78.48999786376953,1495600
2024-03-05,78.0,80.62000274658203,77.80999755859375,79.43000030517578,2632800
2024-03-06,80.12999725341797,80.2300033569336,77.58999633789062,78.12999725341797,2634900
2024-03-07,78.55999755859375,79.94999694824219,78.48999786376953,78.7699966430664,2154100
2024-03-08,79.36000061035156,80.0,78.0,78.19000244140625,1356600
2024-03-11,77.69000244140625,78.91999816894531,77.44999694824219,78.51000213623047,1971900
2024-03-12,78.80999755859375,79.76000213623047,78.0199966430664,78.70999908447266,1610400
2024-03-13,78.47000122070312,80.31999969482422,78.47000122070312,79.72000122070312,2067700
2024-03-14,79.13999938964844,79.68000030517578,75.94999694824219,76.19999694824219,2529900
2024-03-15,75.87000274658203,77.4800033569336,75.0,77.23999786376953,3852400
2024-03-18,78.5199966430664,78.58999633789062,77.0,77.80999755859375,1753400
2024-03-19,77.56999969482422,78.18000030517578,76.94999694824219,77.91999816894531,1626400
2024-03-20,78.01000213623047,79.19999694824219,77.9800033569336,79.01000213623047,1602400
2024-03-21,79.08999633789062,80.66000366210938,78.98999786376953,80.55999755859375,2677400
2024-03-22,80.16000366210938,80.18000030517578,77.9000015258789,78.72000122070312,2428600
2024-03-25,79.19000244140625,79.87999725341797,78.0999984741211,79.08999633789062,1888600
2024-03-26,79.3499984741211,79.5999984741211,76.41000366210938,76.58999633789062,2180400
2024-03-27,77.04000091552734,78.75,76.75,78.63999938964844,2751500
2024-03-28,79.05999755859375,79.83000183105469,78.47000122070312,79.6500015258789,2654400
2024-04-01,80.12999725341797,80.80999755859375,78.76000213623047,78.79000091552734,1731400
2024-04-02,77.51000213623047,77.80000305175781,76.6500015258789,77.16000366210938,1597000
2024-04-03,76.83999633789062,77.68000030517578,76.45999908447266,77.56999969482422,1887800
2024-04-04,78.41999816894531,78.95999908447266,75.2300033569336,75.2699966430664,2080300
2024-04-05,75.52999877929688,76.5999984741211,74.33999633789062,74.7300033569336,2315800
2024-04-08,75.19999694824219,77.22000122070312,75.16999816894531,76.06999969482422,3697700
2024-04-09,76.51000213623047,78.98999786376953,76.27999877929688,78.93000030517578,2043900
2024-04-10,77.0,77.38999938964844,74.27999877929688,74.94999694824219,2082700
2024-04-11,75.19999694824219,75.97000122070312,73.8499984741211,75.7699966430664,1449700
2024-04-12,75.0999984741211,75.1500015258789,73.38999938964844,74.19000244140625,1745700
2024-04-15,74.44999694824219,74.88999938964844,72.62000274658203,73.01000213623047,1794100
2024-04-16,72.0999984741211,72.77999877929688,71.5999984741211,71.94000244140625,1789700
2024-04-17,71.1500015258789,71.88999938964844,69.30000305175781,69.3499984741211,3727600
2024-04-18,70.05999755859375,70.12999725341797,68.83999633789062,69.31999969482422,1727900
2024-04-19,68.91999816894531,69.98999786376953,68.91999816894531,69.62999725341797,1867600
2024-04-22,70.2699966430664,70.44999694824219,69.22000122070312,70.0999984741211,1883800
2024-04-23,70.12000274658203,70.97000122070312,69.69000244140625,70.25,1902700
2024-04-24,70.44999694824219,72.33000183105469,70.19000244140625,71.4000015258789,1860700
2024-04-25,70.5199966430664,70.9000015258789,68.93000030517578,70.12999725341797,1618700
2024-04-26,70.0199966430664,71.79000091552734,69.8499984741211,71.20999908447266,2108200
2024-04-29,71.9000015258789,72.7300033569336,71.7699966430664,72.41000366210938,2841600
2024-04-30,70.80999755859375,71.4800033569336,70.41000366210938,71.0,2752000
2024-05-01,70.80999755859375,71.51000213623047,69.58999633789062,69.75,4209200
2024-05-02,75.41999816894531,78.73999786376953,73.94999694824219,77.79000091552734,7872700
2024-05-03,79.44999694824219,81.23999786376953,78.8499984741211,80.81999969482422,4769700
2024-05-06,81.98999786376953,85.5,81.12000274658203,84.4000015258789,4546500
2024-05-07,84.56999969482422,85.55999755859375,82.83999633789062,83.0,2505300
2024-05-08,81.62000274658203,83.44000244140625,81.5999984741211,83.19999694824219,1639500
2024-05-09,83.58999633789062,84.54000091552734,83.31999969482422,83.69000244140625,1591800
2024-05-10,83.69999694824219,84.73999786376953,82.3499984741211,82.77999877929688,2046300
2024-05-13,83.20999908447266,84.19999694824219,82.58000183105469,82.73999786376953,1626600
2024-05-14,84.02999877929688,84.4000015258789,82.55999755859375,82.83999633789062,1312100
2024-05-15,83.68000030517578,83.87999725341797,81.20999908447266,81.7300033569336,1893700
2024-05-16,81.79000091552734,82.91999816894531,81.63999938964844,82.29000091552734,1658000
2024-05-17,82.44999694824219,82.62999725341797,81.30000305175781,82.11000061035156,1822000
2024-05-20,81.8499984741211,83.37000274658203,81.75,81.94000244140625,2235400
2024-05-21,81.41999816894531,82.5,81.12000274658203,82.30999755859375,1856300
2024-05-22,81.55000305175781,82.75,81.2699966430664,81.70999908447266,1660700
2024-05-23,82.08000183105469,83.0,80.04000091552734,80.27999877929688,3216300
2024-05-24,80.72000122070312,82.58000183105469,80.72000122070312,82.55000305175781,1689300
2024-05-28,82.62999725341797,84.19000244140625,82.30000305175781,83.12999725341797,1963900
2024-05-29,81.51000213623047,82.25,80.94999694824219,81.5199966430664,2281800
2024-05-30,81.79000091552734,82.08000183105469,81.12000274658203,81.95999908447266,1974200
2024-05-31,81.73999786376953,83.54000091552734,81.58999633789062,83.26000213623047,4283200
2024-06-03,83.48999786376953,85.3499984741211,83.22000122070312,84.6500015258789,2418200
2024-06-04,83.7300033569336,85.04000091552734,83.56999969482422,83.79000091552734,1777400
2024-06-05,83.9800033569336,84.22000122070312,81.54000091552734,81.58999633789062,2438500
2024-06-06,80.68000030517578,82.47000122070312,80.68000030517578,81.30000305175781,2593300
2024-06-07,80.62999725341797,81.87000274658203,80.5,81.41999816894531,2723800
2024-06-10,80.73999786376953,81.41999816894531,79.3499984741211,79.66000366210938,2481100
2024-06-11,79.47000122070312,79.47000122070312,76.20999908447266,76.27999877929688,2460000
2024-06-12,76.9800033569336,77.44000244140625,74.77999877929688,75.2699966430664,3039100
2024-06-13,75.04000091552734,75.80999755859375,73.8499984741211,74.51000213623047,2151200
2024-06-14,73.6500015258789,73.80000305175781,70.11000061035156,70.30000305175781,3007400
2024-06-17,70.4800033569336,71.13999938964844,69.5199966430664,70.94999694824219,2988000
2024-06-18,71.27999877929688,72.19000244140625,69.79000091552734,70.62000274658203,2330700
2024-06-20,71.58000183105469,73.38999938964844,71.0999984741211,73.25,4383600
2024-06-21,73.5,75.33000183105469,73.25,75.20999908447266,6794800
2024-06-24,75.5199966430664,76.80999755859375,75.48999786376953,76.08999633789062,3470600
2024-06-25,75.36000061035156,75.73999786376953,72.6500015258789,73.36000061035156,3784200
2024-06-26,66.88999938964844,69.29000091552734,65.12999725341797,67.54000091552734,9322400
2024-06-27,67.4000015258789,69.4000015258789,67.4000015258789,68.9800033569336,7067000
2024-06-28,69.30999755859375,70.5199966430664,68.52999877929688,70.41999816894531,5158600
2024-07-01,70.66999816894531,71.33000183105469,68.4000015258789,68.44000244140625,3529100
2024-07-02,67.19999694824219,70.05000305175781,67.19999694824219,69.44000244140625,3118600
2024-07-03,69.7300033569336,70.88999938964844,69.27999877929688,69.79000091552734,1381900
2024-07-05,69.26000213623047,70.4800033569336,69.08000183105469,70.18000030517578,2913200
2024-07-08,70.94000244140625,71.5999984741211,69.63999938964844,69.68000030517578,2311000
2024-07-09,69.56999969482422,69.9800033569336,68.30999755859375,69.08000183105469,2826600
2024-07-10,69.41999816894531,70.20999908447266,69.06999969482422,69.5999984741211,2869600
2024-07-11,70.7699966430664,72.27999877929688,70.5199966430664,71.75,2477700
2024-07-12,71.75,72.86000061035156,71.33999633789062,72.72000122070312,3218300
2024-07-15,72.04000091552734,72.70999908447266,71.8499984741211,72.26000213623047,2361700
2024-07-16,72.66000366210938,73.43000030517578,71.75,73.41000366210938,1959600
2024-07-17,72.44000244140625,72.69000244140625,70.75,72.41000366210938,3321900
2024-07-18,72.73999786376953,75.11000061035156,71.5999984741211,71.68000030517578,3218400
2024-07-19,70.2300033569336,70.33999633789062,67.26000213623047,68.87000274658203,5526600
2024-07-22,69.6500015258789,70.19999694824219,68.5,69.93000030517578,2601300
2024-07-23,68.47000122070312,69.5199966430664,68.0999984741211,68.58999633789062,2536900
2024-07-24,68.08000183105469,69.16000366210938,66.98999786376953,67.08000183105469,3196700
2024-07-25,67.04000091552734,69.20999908447266,66.5999984741211,67.83000183105469,3001100
2024-07-26,68.25,68.8499984741211,67.45999908447266,68.73999786376953,2032900
2024-07-29,68.45999908447266,68.94999694824219,67.66999816894531,68.9000015258789,2412500
2024-07-30,68.97000122070312,69.55000305175781,67.33000183105469,67.62999725341797,2264600
2024-07-31,69.58000183105469,71.11000061035156,68.66000366210938,69.38999938964844,4139700
2024-08-01,78.9800033569336,80.94999694824219,72.23999786376953,73.12999725341797,10013900
2024-08-02,71.16000366210938,71.18000030517578,67.05000305175781,69.62999725341797,6391900
2024-08-05,67.0,69.62000274658203,66.41000366210938,69.12000274658203,6468400
2024-08-06,68.80000305175781,70.08999633789062,68.4000015258789,69.05000305175781,5191200
2024-08-07,71.16999816894531,72.1500015258789,67.87999725341797,67.91000366210938,3836300
2024-08-08,68.5,69.4000015258789,68.1500015258789,68.94000244140625,3887300
2024-08-09,68.91000366210938,69.51000213623047,67.5,67.63999938964844,3321200
2024-08-12,67.70999908447266,67.9800033569336,66.73999786376953,67.25,2936000
2024-08-13,68.0,68.5199966430664,67.25,67.97000122070312,3429400
2024-08-14,67.93000030517578,68.1500015258789,66.55999755859375,66.9800033569336,2517300
2024-08-15,68.4000015258789,69.0,68.01000213623047,68.69000244140625,5904000
2024-08-16,68.61000061035156,69.30999755859375,68.16999816894531,68.93000030517578,2273900
2024-08-19,69.52999877929688,71.22000122070312,69.33000183105469,70.98999786376953,2695000
2024-08-20,70.7300033569336,71.12999725341797,69.75,69.8499984741211,1404700
2024-08-21,70.58000183105469,70.91000366210938,70.2300033569336,70.87999725341797,1997000
2024-08-22,70.86000061035156,71.16999816894531,70.02999877929688,70.0999984741211,1918000
2024-08-23,70.7699966430664,72.70999908447266,70.51000213623047,72.29000091552734,2682800
2024-08-26,72.69999694824219,73.77999877929688,71.93000030517578,72.08999633789062,4389400
2024-08-27,71.88999938964844,72.19999694824219,70.58000183105469,70.83000183105469,5515800
2024-08-28,70.4800033569336,71.12000274658203,69.41000366210938,70.0199966430664,3105800
2024-08-29,70.58999633789062,71.80999755859375,69.91999816894531,70.91999816894531,1899400
2024-08-30,71.52999877929688,71.5999984741211,70.52999877929688,71.52999877929688,2712500
2024-09-03,70.70999908447266,71.51000213623047,69.62000274658203,70.11000061035156,2703600
2024-09-04,70.01000213623047,70.4000015258789,68.94000244140625,69.45999908447266,2988200
2024-09-05,69.95999908447266,71.20999908447266,69.27999877929688,70.97000122070312,2666100
2024-09-06,70.5,71.80000305175781,68.41999816894531,68.48999786376953,2740600
2024-09-09,68.41000366210938,69.9800033569336,68.19000244140625,69.08000183105469,3108600
2024-09-10,67.05000305175781,68.41000366210938,64.9800033569336,65.37999725341797,3543900
2024-09-11,65.31999969482422,65.5999984741211,63.619998931884766,65.47000122070312,3945700
2024-09-12,65.4000015258789,67.52999877929688,65.30999755859375,67.0,3797500
2024-09-13,68.62999725341797,69.76000213623047,68.41000366210938,68.94999694824219,3634100
2024-09-16,69.12999725341797,69.58000183105469,67.83999633789062,68.79000091552734,2822400
2024-09-17,69.63999938964844,71.45999908447266,69.3499984741211,70.22000122070312,4569300
2024-09-18,70.43000030517578,71.19000244140625,69.45999908447266,69.66999816894531,2405900
2024-09-19,71.7699966430664,71.87000274658203,70.0199966430664,70.5199966430664,3771700
2024-09-20,70.80999755859375,70.97000122070312,69.70999908447266,69.83999633789062,7778800
2024-09-23,70.0,71.91000366210938,69.93000030517578,71.55999755859375,2961300
2024-09-24,72.44999694824219,73.43000030517578,71.58000183105469,72.11000061035156,1988100
2024-09-25,71.56999969482422,71.88999938964844,70.29000091552734,70.55999755859375,2799600
2024-09-26,71.77999877929688,72.56999969482422,70.95999908447266,72.30999755859375,3375200
2024-09-27,73.61000061035156,75.41000366210938,72.94000244140625,74.23999786376953,4028700
2024-09-30,71.61000061035156,72.81999969482422,71.29000091552734,72.01000213623047,3178400
2024-10-01,71.72000122070312,71.7699966430664,70.22000122070312,70.5199966430664,3518300
2024-10-02,70.83999633789062,71.91999816894531,70.0,70.05000305175781,3088600
2024-10-03,68.94999694824219,69.4000015258789,68.41999816894531,68.97000122070312,1975800
2024-10-04,70.25,70.66999816894531,69.70999908447266,70.33000183105469,1917700
2024-10-07,70.0,70.94000244140625,69.77999877929688,70.47000122070312,1758100
2024-10-08,70.44999694824219,70.81999969482422,68.87999725341797,69.5999984741211,2136100
2024-10-09,69.54000091552734,71.38999938964844,69.22000122070312,71.36000061035156,2670400
2024-10-10,70.68000030517578,71.68000030517578,70.2300033569336,70.75,2033900
2024-10-11,70.44000244140625,71.48999786376953,70.37999725341797,71.29000091552734,1753400
2024-10-14,71.1500015258789,71.51000213623047,70.38999938964844,71.08999633789062,2298400
2024-10-15,70.44000244140625,71.37000274658203,69.87000274658203,70.0,2628600
2024-10-16,70.66000366210938,71.36000061035156,70.08000183105469,70.36000061035156,2512300
2024-10-17,70.04000091552734,70.62999725341797,68.97000122070312,69.9000015258789,4405900
2024-10-18,72.80000305175781,73.47000122070312,71.23999786376953,71.76000213623047,2134800
2024-10-21,72.45999908447266,72.63999938964844,70.01000213623047,70.0999984741211,2289000
2024-10-22,70.0,70.20999908447266,69.1500015258789,69.68000030517578,2185200
2024-10-23,69.33000183105469,69.73999786376953,68.3499984741211,69.52999877929688,2389400
2024-10-24,70.3499984741211,71.38999938964844,67.5,68.30999755859375,3187400
2024-10-25,69.11000061035156,70.0,68.55000305175781,69.30999755859375,2383700
2024-10-28,69.66999816894531,70.97000122070312,69.36000061035156,70.4000015258789,2309700
2024-10-29,69.69999694824219,70.0,68.83000183105469,69.1500015258789,3089600
2024-10-30,68.62999725341797,70.0,68.26000213623047,69.06999969482422,3010900
2024-10-31,62.43000030517578,63.20000076293945,54.70000076293945,56.83000183105469,18358400
2024-11-01,57.4900016784668,58.95000076293945,56.0,56.369998931884766,6184300
2024-11-04,56.59000015258789,57.77000045776367,55.93000030517578,55.93000030517578,4703100
2024-11-05,55.540000915527344,55.650001525878906,53.959999084472656,55.2400016784668,5998700
2024-11-06,55.88999938964844,55.90999984741211,52.810001373291016,53.83000183105469,6886400
2024-11-07,54.380001068115234,56.47999954223633,54.099998474121094,55.63999938964844,4401100
2024-11-08,55.41999816894531,56.779998779296875,54.58000183105469,56.25,4562600
2024-11-11,57.09000015258789,57.11000061035156,55.560001373291016,55.93000030517578,3265300
2024-11-12,55.75,57.06999969482422,55.060001373291016,56.380001068115234,5086700
2024-11-13,56.45000076293945,56.9900016784668,55.619998931884766,56.13999938964844,2601300
2024-11-14,56.13999938964844,56.47999954223633,54.0099983215332,54.029998779296875,4147500
2024-11-15,53.959999084472656,54.189998626708984,52.13999938964844,52.93000030517578,7780300
2024-11-18,53.099998474121094,53.5,52.16999816894531,52.709999084472656,5193000
2024-11-19,51.72999954223633,52.79999923706055,51.470001220703125,52.11000061035156,3575400
2024-11-20,52.099998474121094,53.150001525878906,51.86000061035156,52.59000015258789,3034000
2024-11-21,52.4900016784668,53.5099983215332,52.04999923706055,53.36000061035156,3048800
2024-11-22,53.560001373291016,55.099998474121094,53.27000045776367,54.380001068115234,3568200
2024-11-25,55.59000015258789,57.79999923706055,55.45000076293945,57.130001068115234,6421900
2024-11-26,55.47999954223633,56.02000045776367,54.91999816894531,55.279998779296875,4252100
2024-11-27,55.75,56.88999938964844,55.18000030517578,55.52000045776367,2704600
2024-11-29,55.20000076293945,55.560001373291016,54.41999816894531,55.529998779296875,1852100
2024-12-02,56.02000045776367,56.38999938964844,55.04999923706055,56.06999969482422,3074600
2024-12-03,55.209999084472656,55.970001220703125,54.029998779296875,55.709999084472656,4287800
2024-12-04,56.400001525878906,56.95000076293945,56.02000045776367,56.40999984741211,2892500
2024-12-05,56.54999923706055,58.119998931884766,56.5,56.90999984741211,3383700
2024-12-06,57.81999969482422,58.470001220703125,55.81999969482422,56.66999816894531,3610400
2024-12-09,57.099998474121094,59.029998779296875,56.70000076293945,57.400001525878906,4935000
2024-12-10,57.400001525878906,58.7400016784668,56.720001220703125,58.41999816894531,3201600
2024-12-11,57.90999984741211,59.02000045776367,57.33000183105469,58.88999938964844,4001900
2024-12-12,58.689998626708984,59.0,57.9900016784668,58.540000915527344,2875100
2024-12-13,58.34000015258789,58.540000915527344,57.2599983215332,57.970001220703125,3350700
2024-12-16,57.11000061035156,59.0099983215332,56.75,58.0,5256800
2024-12-17,57.599998474121094,58.4900016784668,57.439998626708984,57.86000061035156,4385800
2024-12-18,59.060001373291016,59.56999969482422,56.599998474121094,56.650001525878906,3996000
2024-12-19,57.06999969482422,57.720001220703125,55.75,57.0099983215332,5168100
2024-12-20,57.119998931884766,59.4900016784668,56.7599983215332,58.86000061035156,15716000
2024-12-23,58.47999954223633,59.59000015258789,58.099998474121094,59.470001220703125,3102400
2024-12-24,59.470001220703125,59.97999954223633,59.0,59.95000076293945,1379300
2024-12-26,59.2599983215332,60.650001525878906,59.2599983215332,60.06999969482422,2996900
2024-12-27,59.22999954223633,60.810001373291016,59.13999938964844,60.34000015258789,1961600
2024-12-30,59.779998779296875,60.75,59.310001373291016,60.11000061035156,3186600
2024-12-31,60.31999969482422,61.15999984741211,60.040000915527344,60.47999954223633,2289300
2025-01-02,60.66999816894531,61.27000045776367,60.119998931884766,60.29999923706055,2928600
2025-01-03,60.209999084472656,60.630001068115234,59.189998626708984,60.529998779296875,2805700
2025-01-06,61.7599983215332,62.439998626708984,60.9900016784668,61.380001068115234,2958500
2025-01-07,62.27000045776367,62.65999984741211,61.459999084472656,61.81999969482422,2687000
2025-01-08,61.0,61.33000183105469,60.290000915527344,60.79999923706055,3171400
2025-01-10,60.0,60.40999984741211,58.88999938964844,59.349998474121094,3587400
2025-01-13,59.369998931884766,60.84000015258789,59.20000076293945,60.61000061035156,3621500
2025-01-14,61.31999969482422,61.5099983215332,60.65999984741211,61.470001220703125,2191900
2025-01-15,62.95000076293945,63.060001373291016,60.2599983215332,60.88999938964844,3864700
2025-01-16,61.11000061035156,61.790000915527344,60.650001525878906,61.33000183105469,2854000
2025-01-17,61.900001525878906,62.09000015258789,61.0099983215332,61.15999984741211,2919600
2025-01-21,61.15999984741211,61.970001220703125,60.68000030517578,61.790000915527344,2347400
2025-01-22,65.12999725341797,65.55999755859375,62.720001220703125,62.72999954223633,5607800
2025-01-23,63.099998474121094,64.6500015258789,62.95000076293945,63.91999816894531,3456300
2025-01-24,64.12999725341797,64.30000305175781,62.95000076293945,63.43000030517578,3022500
2025-01-27,64.11000061035156,64.30999755859375,63.13999938964844,64.16999816894531,3603600
2025-01-28,63.70000076293945,64.31999969482422,62.34000015258789,62.79999923706055,3486700
2025-01-29,62.709999084472656,63.09000015258789,62.279998779296875,62.68000030517578,2194200
2025-01-30,63.290000915527344,64.05000305175781,62.560001373291016,62.90999984741211,3086800
2025-01-31,62.599998474121094,63.7599983215332,61.619998931884766,62.41999816894531,4076100
2025-02-03,56.77000045776367,61.119998931884766,56.220001220703125,60.68000030517578,6101100
2025-02-04,61.5,62.36000061035156,60.66999816894531,61.400001525878906,3130600
2025-02-05,61.33000183105469,61.79999923706055,60.79999923706055,61.27000045776367,2926700
2025-02-06,65.0,65.76000213623047,63.02000045776367,63.47999954223633,7232600
2025-02-07,65.0,65.79000091552734,63.099998474121094,64.0999984741211,3824600
2025-02-10,65.12999725341797,65.2300033569336,63.34000015258789,63.97999954223633,2843000
2025-02-11,63.689998626708984,65.11000061035156,63.65999984741211,64.66000366210938,2245000
2025-02-12,64.23999786376953,65.94999694824219,63.90999984741211,65.44999694824219,2590700
2025-02-13,65.9000015258789,66.87000274658203,65.80000305175781,66.41000366210938,2452300
2025-02-14,67.11000061035156,67.4000015258789,66.08000183105469,67.0,2121500
2025-02-18,67.31999969482422,67.38999938964844,66.08999633789062,66.87999725341797,2894900
2025-02-19,67.16000366210938,67.5,66.31999969482422,66.66000366210938,1828100
2025-02-20,67.04000091552734,67.97000122070312,66.76000213623047,67.62000274658203,2617300
2025-02-21,67.66999816894531,68.18000030517578,66.25,66.68000030517578,3237300
2025-02-24,67.37999725341797,67.66000366210938,66.47000122070312,66.79000091552734,3000500
2025-02-25,66.97000122070312,67.61000061035156,65.95999908447266,66.6500015258789,3556500
2025-02-26,66.87999725341797,66.93000030517578,65.77999877929688,66.22000122070312,2907300
2025-02-27,65.55000305175781,66.7699966430664,65.11000061035156,65.31999969482422,3045300
2025-02-28,64.9000015258789,65.70999908447266,64.29000091552734,65.12000274658203,5230100
2025-03-03,65.83999633789062,66.68000030517578,63.02000045776367,64.01000213623047,3956600
2025-03-04,62.90999984741211,63.66999816894531,61.849998474121094,62.79999923706055,5651500
2025-03-05,64.12000274658203,65.5999984741211,63.970001220703125,65.08999633789062,4128400
2025-03-06,64.72000122070312,65.7300033569336,64.38999938964844,65.13999938964844,3261000
2025-03-07,65.0999984741211,67.20999908447266,65.0999984741211,66.83000183105469,4262700
2025-03-10,65.5,66.54000091552734,64.02999877929688,64.33999633789062,4225400
2025-03-11,64.7300033569336,65.19999694824219,62.88999938964844,63.189998626708984,4421000
2025-03-12,63.81999969482422,64.4000015258789,62.41999816894531,63.7599983215332,3046800
2025-03-13,63.130001068115234,64.20999908447266,62.060001373291016,62.16999816894531,3970600
2025-03-14,62.869998931884766,63.630001068115234,62.790000915527344,63.22999954223633,3780400
2025-03-17,62.959999084472656,64.0,62.369998931884766,62.650001525878906,4347600
2025-03-18,62.79999923706055,63.150001525878906,62.33000183105469,62.81999969482422,3146300
2025-03-19,63.13999938964844,63.36000061035156,62.279998779296875,62.72999954223633,3604100
2025-03-20,62.22999954223633,62.91999816894531,62.20000076293945,62.47999954223633,2683600
2025-03-21,61.720001220703125,62.599998474121094,61.09000015258789,62.45000076293945,9010700
2025-03-24,63.09000015258789,63.97999954223633,62.4900016784668,63.90999984741211,3766200
2025-03-25,64.5999984741211,64.70999908447266,63.810001373291016,64.48999786376953,2078500
2025-03-26,64.30999755859375,65.83000183105469,64.2699966430664,65.80000305175781,3372500
2025-03-27,63.900001525878906,63.900001525878906,61.63999938964844,62.25,6747900
2025-03-28,62.13999938964844,62.58000183105469,60.20000076293945,60.59000015258789,4530900
2025-03-31,59.720001220703125,60.02000045776367,58.86000061035156,59.5,4014600
2025-04-01,59.560001373291016,60.0,58.18000030517578,59.150001525878906,3339700
2025-04-02,58.7400016784668,61.060001373291016,58.27000045776367,60.779998779296875,2254300
2025-04-03,58.58000183105469,59.29999923706055,55.20000076293945,55.38999938964844,4064900
2025-04-04,53.06999969482422,53.77000045776367,50.099998474121094,53.0,5974200
2025-04-07,51.08000183105469,55.060001373291016,50.560001373291016,51.97999954223633,4147900
2025-04-08,53.43000030517578,53.560001373291016,48.34000015258789,49.36000061035156,4557600
2025-04-09,48.77000045776367,54.790000915527344,47.779998779296875,54.41999816894531,7430400
2025-04-10,52.349998474121094,52.84000015258789,47.88999938964844,49.41999816894531,6139700
2025-04-11,49.04999923706055,49.25,47.189998626708984,47.91999816894531,4486200
2025-04-14,48.880001068115234,50.52000045776367,47.79999923706055,50.099998474121094,5435400
2025-04-15,49.06999969482422,50.84000015258789,48.900001525878906,50.7400016784668,2916600
2025-04-16,50.779998779296875,53.11000061035156,50.209999084472656,50.709999084472656,3082200
2025-04-17,51.06999969482422,52.27000045776367,50.779998779296875,51.709999084472656,2759200
2025-04-21,51.4900016784668,51.81999969482422,50.060001373291016,50.9900016784668,1724900
2025-04-22,51.619998931884766,52.61000061035156,51.599998474121094,52.279998779296875,1548500
2025-04-23,54.43000030517578,55.4900016784668,53.290000915527344,53.310001373291016,2532200
2025-04-24,54.150001525878906,55.650001525878906,53.31999969482422,55.060001373291016,2513200
2025-04-25,54.970001220703125,56.16999816894531,54.5099983215332,55.93000030517578,1452000
2025-04-28,56.0,57.08000183105469,55.83000183105469,56.279998779296875,1798400
2025-04-29,55.900001525878906,57.95000076293945,55.75,57.650001525878906,1865200
2025-04-30,56.11000061035156,57.22999954223633,55.900001525878906,57.060001373291016,3439300
2025-05-01,55.20000076293945,58.540000915527344,55.0099983215332,56.959999084472656,3560800
2025-05-02,58.77000045776367,59.619998931884766,58.09000015258789,58.970001220703125,2463000
2025-05-05,58.25,59.4900016784668,58.25,58.779998779296875,1588100
2025-05-06,58.27000045776367,59.400001525878906,58.18000030517578,58.189998626708984,2141900
2025-05-07,58.650001525878906,59.439998626708984,58.22999954223633,58.91999816894531,2572900
2025-05-08,59.88999938964844,61.7400016784668,59.58000183105469,61.11000061035156,1955600
2025-05-09,61.720001220703125,62.52000045776367,61.5099983215332,61.970001220703125,1606600
2025-05-12,65.0,67.04000091552734,64.98999786376953,66.93000030517578,4057900
2025-05-13,66.9800033569336,68.9800033569336,66.69000244140625,68.79000091552734,2843100
2025-05-14,68.44000244140625,69.63999938964844,68.0999984741211,69.41999816894531,3315100
2025-05-15,68.33000183105469,69.18000030517578,67.38999938964844,68.0999984741211,2742800
2025-05-16,68.19000244140625,68.36000061035156,67.5999984741211,68.26000213623047,1765200
2025-05-19,66.69999694824219,67.76000213623047,66.69999694824219,67.33999633789062,1820600
2025-05-20,66.8499984741211,68.05000305175781,66.80999755859375,67.48999786376953,1420900
2025-05-21,66.87000274658203,68.0999984741211,66.76000213623047,66.95999908447266,2153600
2025-05-22,66.91000366210938,67.4800033569336,66.44999694824219,66.97000122070312,1762900
2025-05-23,64.75,66.44000244140625,64.12999725341797,66.05999755859375,1530800
2025-05-27,67.2699966430664,68.43000030517578,66.72000122070312,68.4000015258789,2199100
2025-05-28,68.5,68.73999786376953,67.54000091552734,67.70999908447266,1528500
2025-05-29,68.44000244140625,68.48999786376953,67.66999816894531,68.08999633789062,1276400
2025-05-30,67.2300033569336,67.66000366210938,66.44999694824219,66.80999755859375,3737700
2025-06-02,66.19999694824219,66.66999816894531,64.62999725341797,65.30000305175781,1927400
2025-06-03,65.20999908447266,67.08000183105469,64.76000213623047,66.88999938964844,1726000
2025-06-04,66.19000244140625,66.45999908447266,64.7699966430664,65.87999725341797,2386900
2025-06-05,65.87999725341797,66.33000183105469,65.12999725341797,65.4800033569336,1930900
2025-06-06,66.31999969482422,66.87000274658203,66.02999877929688,66.63999938964844,1430300
2025-06-09,66.63999938964844,67.6500015258789,66.41000366210938,67.19000244140625,1132100
2025-06-10,67.81999969482422,70.52999877929688,67.30000305175781,70.37000274658203,2289600
2025-06-11,70.80000305175781,71.2300033569336,69.94999694824219,70.19000244140625,2599100
2025-06-12,69.0,70.11000061035156,68.55999755859375,69.68000030517578,1616700
2025-06-13,68.83999633789062,69.30999755859375,66.55000305175781,67.25,2105400
2025-06-16,68.63999938964844,69.55999755859375,67.88999938964844,69.18000030517578,2158800
2025-06-17,68.76000213623047,69.30999755859375,67.37999725341797,67.5999984741211,2590000
2025-06-18,67.58999633789062,68.36000061035156,67.44999694824219,67.66000366210938,2742400
2025-06-20,68.23999786376953,68.44000244140625,66.33999633789062,67.05000305175781,6297100
2025-06-23,65.97000122070312,66.70999908447266,65.02999877929688,66.51000213623047,2513900
2025-06-24,67.4000015258789,68.4800033569336,67.05000305175781,68.44999694824219,3698600
2025-06-25,68.36000061035156,68.55000305175781,66.9800033569336,67.41000366210938,2020700
2025-06-26,67.41000366210938,69.04000091552734,67.3499984741211,67.94000244140625,1807200
2025-06-27,68.0999984741211,69.48999786376953,67.88999938964844,68.77999877929688,2148000
2025-06-30,68.68000030517578,68.7699966430664,67.83000183105469,68.22000122070312,2017000
2025-07-01,68.0199966430664,71.68000030517578,67.44999694824219,71.66999816894531,2385400
2025-07-02,71.94999694824219,72.83000183105469,71.41999816894531,72.19000244140625,2512300
2025-07-03,72.97000122070312,73.0,71.86000061035156,72.55999755859375,1048600
2025-07-07,71.0199966430664,72.54000091552734,70.72000122070312,72.02999877929688,2123200
2025-07-08,72.62999725341797,72.70999908447266,71.33999633789062,71.45999908447266,2889000
2025-07-09,71.80000305175781,71.88999938964844,70.72000122070312,70.91999816894531,2474700
2025-07-10,71.29000091552734,71.52999877929688,69.88999938964844,70.58000183105469,2978900
2025-07-11,70.5199966430664,70.83999633789062,69.16000366210938,69.27999877929688,1995400
2025-07-14,69.97000122070312,71.41999816894531,69.3499984741211,70.4800033569336,2520600
2025-07-15,70.66999816894531,70.77999877929688,69.18000030517578,69.30000305175781,1468200
2025-07-16,70.0,70.30999755859375,69.05000305175781,70.12999725341797,1834600
2025-07-17,69.91000366210938,70.54000091552734,69.3499984741211,70.2699966430664,1594400
2025-07-18,70.29000091552734,70.44999694824219,67.94999694824219,68.19999694824219,2481500
2025-07-21,68.76000213623047,69.06999969482422,67.51000213623047,69.0,1894100
2025-07-22,69.05000305175781,70.19999694824219,68.30000305175781,69.97000122070312,1851100
2025-07-23,71.51000213623047,72.43000030517578,70.94999694824219,71.91000366210938,2083500
2025-07-24,70.94000244140625,71.44999694824219,69.75,70.45999908447266,2319700
2025-07-25,70.7699966430664,71.22000122070312,69.80999755859375,70.91000366210938,1807100
2025-07-28,70.72000122070312,70.9800033569336,69.69000244140625,69.87000274658203,2013600
2025-07-29,70.04000091552734,70.37000274658203,68.19000244140625,68.23999786376953,2638600
2025-07-30,68.58999633789062,68.69000244140625,66.25,66.68000030517578,4595500
2025-07-31,68.2300033569336,69.79000091552734,66.4000015258789,68.63999938964844,3932500
2025-08-01,67.6500015258789,67.6500015258789,65.30999755859375,65.6500015258789,2788300
2025-08-04,66.19999694824219,66.27999877929688,64.62999725341797,64.86000061035156,2657300
2025-08-05,65.68000030517578,65.68000030517578,63.5,64.77999877929688,7144600
2025-08-06,65.83000183105469,66.08000183105469,64.80999755859375,65.12000274658203,2209600
2025-08-07,65.83999633789062,66.29000091552734,65.30000305175781,65.80000305175781,3082700
2025-08-08,65.66000366210938,67.08000183105469,65.41000366210938,66.9000015258789,1948300
2025-08-11,67.41999816894531,68.1500015258789,66.5999984741211,66.77999877929688,2344000
2025-08-12,67.19999694824219,71.7699966430664,67.05999755859375,71.69999694824219,4128100
2025-08-13,71.87999725341797,74.76000213623047,71.58000183105469,74.72000122070312,2879100
2025-08-14,73.3499984741211,74.4000015258789,72.44999694824219,74.29000091552734,2727400
2025-08-15,74.5,74.8499984741211,73.95999908447266,74.18000030517578,1896300
2025-08-18,74.0999984741211,76.16000366210938,74.01000213623047,75.70999908447266,3216400
2025-08-19,75.88999938964844,77.08999633789062,75.45999908447266,76.13999938964844,1563000
2025-08-20,75.1500015258789,76.05000305175781,74.5999984741211,75.1500015258789,2470900
2025-08-21,74.36000061035156,74.54000091552734,73.29000091552734,74.37000274658203,1679300
2025-08-22,74.9000015258789,78.44000244140625,74.1500015258789,78.43000030517578,2149500
2025-08-25,78.0199966430664,79.04000091552734,77.9800033569336,78.83000183105469,1601100
2025-08-26,78.5199966430664,80.0199966430664,78.5,79.87999725341797,3674500
2025-08-27,80.5,81.12999725341797,79.45999908447266,79.94999694824219,2562500
2025-08-28,80.27999877929688,80.5199966430664,79.19000244140625,80.30000305175781,2062200
2025-08-29,80.37000274658203,80.63999938964844,79.08000183105469,79.52999877929688,1834000
2025-09-02,78.12000274658203,78.88999938964844,77.5,78.38999938964844,3164300
2025-09-03,78.86000061035156,80.45999908447266,78.80000305175781,79.62999725341797,3122300
2025-09-04,79.77999877929688,80.62000274658203,79.31999969482422,80.44999694824219,1807700
2025-09-05,81.4000015258789,82.05000305175781,79.69000244140625,80.44000244140625,2586500
2025-09-08,80.26000213623047,82.3499984741211,79.5,82.30000305175781,2073700
2025-09-09,82.1500015258789,82.73999786376953,80.77999877929688,82.13999938964844,1661200
2025-09-10,81.72000122070312,82.11000061035156,80.45999908447266,81.61000061035156,2738600
2025-09-11,82.5,84.47000122070312,82.19999694824219,83.72000122070312,2399300
2025-09-12,84.72000122070312,84.72000122070312,82.58999633789062,82.79000091552734,1662200
2025-09-15,82.94999694824219,84.08000183105469,82.58000183105469,82.80000305175781,1586400
2025-09-16,82.73999786376953,83.30000305175781,81.13999938964844,83.12000274658203,2903800
2025-09-17,83.0,84.6500015258789,81.9000015258789,82.87999725341797,1788600
2025-09-18,83.20999908447266,85.56999969482422,82.51000213623047,85.37000274658203,2137000
2025-09-19,85.08999633789062,86.43000030517578,84.06999969482422,85.27999877929688,5223100
2025-09-22,85.56999969482422,86.12000274658203,84.98999786376953,85.38999938964844,1991800
2025-09-23,85.93000030517578,86.5,85.1500015258789,85.45999908447266,2121900
2025-09-24,84.81999969482422,85.7300033569336,84.2300033569336,85.04000091552734,2193500
2025-09-25,83.79000091552734,84.8499984741211,83.16000366210938,84.72000122070312,1870100
2025-09-26,84.87000274658203,86.33000183105469,84.69999694824219,86.22000122070312,1255000
2025-09-29,87.0,87.0,85.41999816894531,85.7699966430664,1246400
2025-09-30,85.83000183105469,86.37999725341797,84.91999816894531,86.22000122070312,1306200
2025-10-01,86.02999877929688,87.66999816894531,85.87999725341797,87.0999984741211,1912800
2025-10-02,87.5,87.7300033569336,85.97000122070312,87.36000061035156,1842700
2025-10-03,87.37999725341797,88.23999786376953,87.1500015258789,87.9800033569336,1918400
2025-10-06,88.3499984741211,88.80000305175781,87.37999725341797,87.5999984741211,1719400
2025-10-07,87.58999633789062,87.62000274658203,84.68000030517578,85.26000213623047,2243700
2025-10-08,86.08000183105469,86.08000183105469,84.11000061035156,84.45999908447266,1750800
2025-10-09,84.27999877929688,84.27999877929688,82.01000213623047,82.70999908447266,2528500
2025-10-10,83.9000015258789,84.44000244140625,80.61000061035156,80.69999694824219,1689800
2025-10-13,81.5199966430664,82.30000305175781,81.19000244140625,81.69999694824219,1380000
2025-10-14,80.25,83.08999633789062,79.95999908447266,82.7300033569336,1140800
2025-10-15,83.19999694824219,84.05999755859375,82.7300033569336,83.63999938964844,1505500
2025-10-16,83.94000244140625,84.52999877929688,82.73999786376953,83.48999786376953,1513200
2025-10-17,82.91999816894531,83.87999725341797,82.13999938964844,82.76000213623047,1815400
2025-10-20,83.30999755859375,83.93000030517578,82.86000061035156,83.4000015258789,1177000
2025-10-21,83.91000366210938,86.66999816894531,83.29000091552734,85.58999633789062,1899700
2025-10-22,85.20999908447266,86.11000061035156,83.66999816894531,84.4800033569336,1503600
2025-10-23,84.51000213623047,85.75,84.51000213623047,84.97000122070312,1410700
2025-10-24,85.98999786376953,86.48999786376953,85.37000274658203,86.19000244140625,1195600
2025-10-27,86.86000061035156,87.0,85.52999877929688,86.11000061035156,1130400
2025-10-28,85.98999786376953,87.31999969482422,85.27999877929688,86.63999938964844,1680500
2025-10-29,85.8499984741211,87.4000015258789,85.4800033569336,85.7699966430664,2739200
2025-10-30,81.3499984741211,84.4000015258789,80.66999816894531,82.12000274658203,2916400
2025-10-31,81.0999984741211,82.11000061035156,80.69999694824219,81.0999984741211,2988700
2025-11-03,80.86000061035156,83.06999969482422,80.31999969482422,81.7699966430664,4010100
2025-11-04,80.66000366210938,82.0,80.06999969482422,80.8499984741211,2950800
2025-11-05,80.81999969482422,83.79000091552734,80.5,83.61000061035156,3217300
2025-11-06,83.11000061035156,84.33999633789062,81.36000061035156,82.0999984741211,1994900
2025-11-07,81.97000122070312,83.70999908447266,81.66000366210938,83.66000366210938,2230900
2025-11-10,84.0,84.26000213623047,82.45999908447266,82.55999755859375,1979200
2025-11-11,82.66000366210938,83.41000366210938,81.52999877929688,81.5999984741211,1933000
2025-11-12,81.81999969482422,83.58000183105469,81.76000213623047,82.73999786376953,1827900
2025-11-13,82.72000122070312,83.62000274658203,80.66999816894531,81.05000305175781,1890400
2025-11-14,79.63999938964844,80.12999725341797,78.63999938964844,78.91000366210938,2296500
2025-11-17,78.26000213623047,78.48999786376953,76.55000305175781,76.8499984741211,2371300
2025-11-18,76.01000213623047,76.80999755859375,75.11000061035156,75.7699966430664,3433900
2025-11-19,75.80999755859375,75.80999755859375,72.25,72.36000061035156,3703600
2025-11-20,73.05000305175781,74.18000030517578,69.62999725341797,70.27999877929688,3310600
2025-11-21,70.88999938964844,74.69000244140625,70.88999938964844,74.12999725341797,3136700
2025-11-24,74.69999694824219,75.38999938964844,74.08000183105469,74.8499984741211,3084800
2025-11-25,75.23999786376953,76.7300033569336,74.9000015258789,76.37999725341797,1953700
2025-11-26,76.0,77.41999816894531,75.63999938964844,76.83000183105469,1455900
2025-11-28,77.38999938964844,78.4800033569336,77.19999694824219,77.55000305175781,907600
2025-12-01,77.33000183105469,78.30999755859375,76.79000091552734,76.94000244140625,2182200
2025-12-02,77.51000213623047,77.86000061035156,76.7699966430664,77.4800033569336,2707500
2025-12-03,77.37999725341797,78.66000366210938,77.33999633789062,78.08999633789062,1746300
2025-12-04,77.87999725341797,78.6500015258789,75.88999938964844,76.44000244140625,1922600
2025-12-05,76.5999984741211,77.7300033569336,76.37000274658203,76.37000274658203,1809000
2025-12-08,76.87999725341797,77.31999969482422,75.5199966430664,77.08000183105469,2474100
2025-12-09,76.37999725341797,77.4800033569336,76.29000091552734,76.3499984741211,1616700
2025-12-10,76.44000244140625,78.66000366210938,76.05000305175781,78.55000305175781,2030400
2025-12-11,78.70999908447266,80.08000183105469,78.41999816894531,79.9000015258789,2002500
2025-12-12,80.05000305175781,80.62999725341797,78.43000030517578,78.77999877929688,1215800
2025-12-15,78.61000061035156,79.0,76.88999938964844,77.3499984741211,2007200
2025-12-16,77.58000183105469,77.94000244140625,76.55999755859375,77.41999816894531,2372000
2025-12-17,77.43000030517578,77.51000213623047,75.94000244140625,76.75,2079300
2025-12-18,77.63999938964844,78.9000015258789,76.91999816894531,77.58999633789062,2453700
2025-12-19,77.94000244140625,78.98999786376953,77.2300033569336,78.29000091552734,5779400
2025-12-22,78.29000091552734,78.5999984741211,77.0,77.19999694824219,2568000
2025-12-23,77.04000091552734,77.0999984741211,75.62000274658203,76.36000061035156,1899400
2025-12-24,76.5999984741211,76.86000061035156,76.16000366210938,76.7699966430664,747500
2025-12-26,76.76000213623047,77.01000213623047,76.23999786376953,76.91000366210938,896800
2025-12-29,76.7300033569336,77.0,76.33000183105469,76.79000091552734,993700
2025-12-30,76.66000366210938,77.05000305175781,76.33999633789062,76.9000015258789,1050900
