Date,Open,High,Low,Close,Volume
2022-01-03,58.83292371755838,60.4854290598811,58.67771053030928,59.94676971435547,5855800
2022-01-04,60.53107704911,62.07402126434055,60.30283016274917,61.90968322753906,8469200
2022-01-05,62.97788478976605,63.85435200922035,62.16531945518149,62.302268981933594,8747200
2022-01-06,63.70826603416774,64.25605713588875,62.83179887830578,64.04607391357422,7923800
2022-01-07,64.00041278631458,64.83123463053415,63.744777439028816,64.75819396972656,6443500
2022-01-10,64.77646294561701,65.19644334219532,63.78130987402862,64.3199691772461,5922700
2022-01-11,65.11429354741502,66.46551863780894,64.46607300615632,66.3650894165039,6883000
2022-01-12,66.64808969695603,67.43325953008134,66.07291006059114,66.72113037109375,6861800
2022-01-13,66.95851134536659,67.68890425635966,66.52028117120517,66.75765991210938,5486500
2022-01-14,66.64809779099726,68.26408285067981,66.59332076151263,68.2366943359375,7237100
2022-01-18,68.44667022023975,69.27748517740638,67.10457755465993,68.06321716308594,7808700
2022-01-19,68.72057838032754,69.06751815047338,66.84895784911012,66.96764373779297,6582800
2022-01-20,66.31943376324806,67.78934469020513,65.5616522114788,65.72599029541016,7200600
2022-01-21,65.23295844415519,65.39729648374913,63.76304791377116,64.5482177734375,10194200
2022-01-24,63.041790207373005,64.56647767385194,61.61752495846557,64.26519012451172,9624700
2022-01-25,63.817838992216046,65.59816214760482,62.75876996041539,65.27861785888672,10674200
2022-01-26,66.09118021242675,66.83069803350716,64.29259329719038,64.80387115478516,7942800
2022-01-27,66.3102911773988,66.91286637590692,64.4021503132092,65.64381408691406,9207900
2022-01-28,65.5525131225586,66.22812200297118,64.01869366057959,65.5525131225586,7761300
2022-01-31,65.24211438745098,65.67121981421018,64.21044056979738,65.50688171386719,6729400
2022-02-01,64.88602748033684,67.75280794410273,64.62126024444221,67.57933807373047,7660300
2022-02-02,69.6518234272701,71.92516055481306,69.43270835806585,71.66952514648438,12585400
2022-02-03,71.74257773868595,72.03473353465604,69.96224747981584,70.27266693115234,7069300
2022-02-04,70.86608730813194,72.07123044534008,70.58305646633106,71.38648986816406,6173200
2022-02-07,71.36824897972596,73.55028909098678,71.00305249565419,72.8838119506836,7263900
2022-02-08,72.99335339103787,73.4589790018075,71.58735866376742,72.39078521728516,7949500
2022-02-09,72.37251737097121,73.75113047129234,72.37251737097121,72.84727478027344,5570300
2022-02-10,72.70119892115095,74.2350183433152,72.38165465935475,72.80162811279297,6398100
2022-02-11,73.2307269438882,74.30805247846436,72.75597650610263,74.12545776367188,6516900
2022-02-14,73.82418629578926,74.04330139437666,71.7060551013288,72.27210998535156,6547200
2022-02-15,71.09484122631298,72.76874270402482,70.73614855372863,72.11573791503906,4311500
2022-02-16,72.79634389734112,73.83563217374083,71.41675433649557,71.79383850097656,5735100
2022-02-17,71.58229941465139,72.03296333565486,70.52461276919222,70.78213500976562,7034800
2022-02-18,70.10154912118546,71.4627402984567,70.06475922221114,70.83732604980469,4845200
2022-02-22,72.16172609059663,72.29048721380012,68.79553141449057,69.55889892578125,4872000
2022-02-23,70.14753849032049,70.75456136077159,69.41176148557075,69.64169311523438,5763700
2022-02-24,69.95438705514236,70.27629690556186,66.9100949463099,68.48282623291016,7497700
2022-02-25,69.18181271215565,70.84651505296905,68.942681911816,70.3958511352539,5275800
2022-02-28,69.54051869882804,71.64669314931152,69.35657621229616,71.61910247802734,8031300
2022-03-01,72.24450222809317,72.91589848418172,68.42763675597605,68.9886703491211,6502300
2022-03-02,70.06476197233673,71.50873223321669,68.3540701961406,70.80973815917969,8013300
2022-03-03,70.69936989972962,72.16173148702308,70.49702897186262,71.15923309326172,5694500
2022-03-04,70.23029841396605,71.5271088035491,70.04635596707419,71.49032592773438,6663600
2022-03-07,71.52710838429769,72.3732618791224,67.46191998600636,68.556396484375,9396700
2022-03-08,70.46023997539653,72.0421705040897,69.11744027514561,70.10154724121094,10534200
2022-03-09,68.79552918796982,71.0764464540012,67.59988220611382,69.37495422363281,8088700
2022-03-10,69.9359959336897,71.96859042506584,69.3105817042697,71.67427825927734,7368900
2022-03-11,71.150038704441,73.51373539930215,71.150038704441,72.20772552490234,8530000
2022-03-14,71.45353487486935,72.38245333863252,69.44853136170066,70.50621795654297,7896700
2022-03-15,69.07144846969335,69.27378939230071,67.30557553650134,68.42764282226562,7873000
2022-03-16,69.12665167099136,69.89921861384725,68.28049790225236,68.8507308959961,6809700
2022-03-17,69.66926805281341,71.04885751920575,69.51291626402478,70.9568862915039,7091300
2022-03-18,70.92010609676862,72.106554042171,69.95439053143119,72.03297424316406,17588400
2022-03-21,73.39414902577177,73.78043232180285,72.81471706477153,73.55970001220703,6260900
2022-03-22,73.52293441669093,73.8080473698276,71.98698591735443,72.88832092285156,5131300
2022-03-23,73.64250501964594,74.45186186239732,73.29301145465354,74.0011978149414,4641200
2022-03-24,74.48862209798284,75.18761596651653,73.93678778785792,74.85651397705078,4246900
2022-03-25,74.49783805996093,75.79465564618039,74.27710568971601,75.62910461425781,5186500
2022-03-28,74.52542387094874,75.8222413726311,74.25870239151858,75.38996887207031,4447900
2022-03-29,74.18513914731993,76.47525605301809,74.02878031725436,76.46605682373047,4203800
2022-03-30,77.42256383058594,78.63660232260764,76.99029132668451,78.49864196777344,5880400
2022-03-31,77.79966504409724,80.1081806359253,77.44097225303892,78.6366195678711,7041200
2022-04-01,78.43428680404175,79.3448142136779,77.5053609320936,78.00201416015625,7411800
2022-04-04,78.18595329787398,79.07808914348,77.67090167601361,78.24113464355469,3801300
2022-04-05,78.64581051530769,79.50115639243103,77.84564597962587,77.91002655029297,3789100
2022-04-06,78.49864022646237,79.04128240558492,77.28460176137132,78.70098114013672,4564400
2022-04-07,79.06888868854155,79.43678069361167,77.21103722056775,78.9585189819336,4205600
2022-04-08,79.57472433376827,80.63241108776516,78.86653809951873,79.92422485351562,5088800
2022-04-11,79.29882052959948,79.4091832195503,77.92842999937788,78.0663833618164,4464700
2022-04-12,79.47353961371816,80.49442917979187,78.68257456710323,78.91250610351562,4236100
2022-04-13,79.71268367564547,80.60481938701558,78.87573631860859,80.55883026123047,3342100
2022-04-14,80.42088895258803,81.23024576205441,80.01620703937661,80.20014953613281,4080500
2022-04-18,81.34059983250157,83.33640430813333,80.96350866460395,82.87654113769531,5281300
2022-04-19,82.49945872365863,83.88824761049062,82.2143457731599,83.18006134033203,3868900
2022-04-20,83.4651794840574,84.5044678980852,83.27203776199681,83.67671966552734,4809000
2022-04-21,84.61484186372856,85.68172802058433,81.56135002497662,81.61653137207031,5588200
2022-04-22,81.32220507006497,82.38909104208048,80.01619529076771,80.08977508544922,4052200
2022-04-25,77.88243055334712,78.16754348723795,75.02208093497605,77.49614715576172,4915600
2022-04-26,78.03878352516733,79.97940678775251,77.47774986061206,78.60901641845703,5208400
2022-04-27,78.95851347746961,80.9727166266705,77.64330438747709,80.24613189697266,5219900
2022-04-28,80.79796463019485,82.98691800163769,79.71268717342521,82.49026489257812,5157900
2022-04-29,82.61901396253275,83.27201878361417,80.19093712864094,80.25531768798828,5081900
2022-05-02,80.42088554129008,82.16836023721898,79.51035127518747,81.96602630615234,5088200
2022-05-03,81.53374113819112,85.72769098741512,80.43006532416291,85.212646484375,5831600
2022-05-04,86.50946439931211,88.79958822618954,85.47937530477031,88.61563873291016,5416300
2022-05-05,88.64321656116613,89.12147815745242,84.80795964807905,86.5462417602539,5020700
2022-05-06,87.60394638632194,88.29374123975754,84.65162525565228,88.22016143798828,4572200
2022-05-09,86.08638584572941,86.94173164074184,83.37319589198903,83.56633758544922,6756700
2022-05-10,84.56884057885219,87.16246877394872,82.60062662313135,84.35730743408203,6186400
2022-05-11,85.68170926625949,87.92583676599895,84.22853996390954,84.57803344726562,6411000
2022-05-12,84.95512353477001,85.7460887390565,83.31800477492828,85.29541778564453,6985500
2022-05-13,86.75780066177197,88.95594639063819,86.70261230136587,88.1833724975586,5834900
2022-05-16,87.46597035859659,90.06879749047255,87.46597035859659,88.72599792480469,5703500
2022-05-17,90.5210733382959,90.94670566050527,88.52244463289682,90.26199340820312,5576300
2022-05-18,90.65987650148274,90.86343427996636,87.4583683301595,89.02210998535156,6277700
2022-05-19,87.20853897018314,90.4285496690639,86.99571927027422,88.60572814941406,7399700
2022-05-20,89.27195234379707,90.17873228618919,87.43062077903329,89.3459701538086,5892900
2022-05-23,90.3360099337901,91.55739177235269,88.95733057693803,89.66980743408203,5440200
2022-05-24,88.72600859710779,90.53032027815206,88.09681146177466,90.03067016601562,3941300
2022-05-25,90.00289027442132,92.60295809937577,89.84559278213722,91.62214660644531,5486200
2022-05-26,92.31612588661368,92.86205033634937,91.38158861914816,92.04779815673828,4520600
2022-05-27,92.24209467615852,94.88842269916141,92.14956009653402,94.47203826904297,5987400
2022-05-31,95.22155330310723,96.79454275273996,93.8521216295476,94.18522644042969,11267100
2022-06-01,95.17527852845326,96.7945351533461,94.06493395228621,96.14683532714844,5366600
2022-06-02,95.48986764189281,96.81303182703893,95.00872023792978,96.47992706298828,5154200
2022-06-03,96.61872101424444,98.2102199703965,96.47992618725014,97.72907257080078,5665400
2022-06-06,97.9234087353942,102.06870255728182,97.90489898849111,101.21743774414062,7557300
2022-06-07,100.65299423385171,105.16841167127475,100.64373936189337,105.1591567993164,7723900
2022-06-08,105.53851336110777,105.80684815115889,104.06730651083252,104.43742370605469,6385400
2022-06-09,104.11356184764935,104.98333615657279,102.98471469148238,103.04022979736328,6594400
2022-06-10,101.10637672350259,102.60534819802423,98.9782151898713,100.24585723876953,7420300
2022-06-13,96.90558084255096,97.89564041101013,93.72258242758723,94.53683471679688,8749100
2022-06-14,96.8777868320393,98.7746327197369,93.64852915347723,94.99945068359375,8432800
2022-06-15,95.28631407176597,95.56389668104518,89.60503015112427,91.5111312866211,13175800
2022-06-16,89.32744927427238,90.28049633080505,84.39565453965334,85.1081314086914,14308200
2022-06-17,84.88604373068715,85.55225319798528,79.2325251882624,80.76850891113281,26759300
2022-06-21,83.25755730064073,85.92238867879668,82.82267008010089,84.53445434570312,11309200
2022-06-22,81.08313126548695,84.31239729754147,80.90733102852522,82.40629577636719,9818400
2022-06-23,83.47960689272121,83.72018410209954,77.35418880985614,78.30723571777344,9130000
2022-06-24,79.48236577441517,81.45322977659639,78.23322641924683,79.27880096435547,20112500
2022-06-27,80.75000766992875,81.96214165694322,79.63966314716261,81.36995697021484,5225400
2022-06-28,82.83191930510048,84.5252009145994,81.08312258033907,82.06393432617188,5305600
2022-06-29,83.00773317853435,83.55365773979277,77.85387013995461,78.16847229003906,5066300
2022-06-30,76.88229876298546,78.17770543436804,75.2352846339784,76.06804656982422,6762600
2022-07-01,76.79904050975335,78.69588710513969,75.02248608619331,78.16847229003906,5971900
2022-07-05,76.40114774178912,78.02965911072445,73.53275192858806,75.6331558227539,7247300
2022-07-06,74.86518115215904,76.36414571061266,71.8209776744243,73.38471221923828,8348500
2022-07-07,75.54989278239724,77.94638931611033,75.17977555241325,77.19690704345703,6299900
2022-07-08,78.1776975542163,78.81614948390985,76.32711879860385,77.04884338378906,3825500
2022-07-11,76.13281860011296,77.8075903288376,75.71644115067932,77.3819580078125,4046500
2022-07-12,75.41109141554358,77.20615523708057,74.9947139799533,76.56770324707031,4458200
2022-07-13,75.54063237888707,77.78908609160405,75.23528515705425,75.81822204589844,4485900
2022-07-14,73.4587271694116,74.72637622793566,72.09855057991017,74.65235137939453,4935700
2022-07-15,76.33639123666144,78.18697041815626,75.57765405462453,78.11294555664062,4706300
2022-07-18,79.58413603591028,80.99057268992087,78.43677220144671,78.86241149902344,4032200
2022-07-19,78.81615343129242,81.68454923427123,78.77914100719873,81.28667449951172,4302600
2022-07-20,80.81478197580273,82.59134319049329,80.25036187241619,82.15645599365234,3132000
2022-07-21,79.80622451389414,80.87956379152011,77.37271551357878,79.99127960205078,4713700
2022-07-22,80.12080482312248,81.22190145528886,78.77913803252812,79.25103759765625,3950000
2022-07-25,80.31513890620667,82.3970404751641,79.91726410176328,82.16571807861328,3206500
2022-07-26,83.10948938346338,83.32230904073549,80.82402355261684,81.3884506225586,3338700
2022-07-27,82.0546814346604,83.94227305254452,81.06462185198286,83.25756072998047,3051800
2022-07-28,84.24760386491313,85.04335332472694,81.65679068513822,82.89667510986328,3800800
2022-07-29,83.9330129417162,85.08962486141695,83.22979091790644,84.81204223632812,6740900
2022-08-01,83.29455389355971,83.92375100730415,81.73081951010826,83.5721435546875,4470900
2022-08-02,84.06254693702307,87.8192269855873,83.84973431218769,86.62560272216797,6764600
2022-08-03,87.4306083271833,89.29044231472274,85.23767659353143,85.7558364868164,6162000
2022-08-04,85.12662324531114,85.69105033375469,83.06322481486043,83.43334197998047,4368600
2022-08-05,82.40627512081059,84.96007594729946,82.0639225466344,83.4796142578125,3833300
2022-08-08,83.86824713912863,84.93233157019938,83.22979506860632,83.63692474365234,4418300
2022-08-09,84.84903403769998,86.84766250386362,84.84903403769998,86.37576293945312,4302900
2022-08-10,87.16226684655983,88.57796569148209,85.62628996911661,88.06905364990234,4373800
2022-08-11,89.20716621932529,90.06767869790512,87.95801971689907,89.48474884033203,4476100
2022-08-12,89.29043348141785,90.4470453140787,89.0406084316984,90.1879653930664,3605000
2022-08-15,87.42134935057992,88.92956859558993,86.7921522493405,88.63347625732422,3352300
2022-08-16,89.98331790226334,90.89562147926573,89.22926295117911,89.97400665283203,3697500
2022-08-17,89.45268854395539,92.55267426563947,89.25719490867839,91.80793762207031,3652200
2022-08-18,92.81332794949321,94.34004616260839,92.62714557322155,93.82804107666016,3837600
2022-08-19,93.41842919972517,94.50761099116897,93.17638643415914,93.51152038574219,3237600
2022-08-22,93.09262474121066,94.26559380162293,91.74278452342456,93.48361206054688,5837000
2022-08-23,94.85207219952785,96.66737549162228,94.61002939311413,96.341552734375,3550300
2022-08-24,96.7046224814708,97.6914091992519,96.2205439255512,97.5424575805664,3601400
2022-08-25,97.79380287263953,98.71541784761588,97.44004636125612,98.65025329589844,2869300
2022-08-26,98.70610292420257,99.42292006882792,96.83493929107263,97.1328353881836,3545300
2022-08-29,96.639448939796,99.34844765796193,96.14605917797556,97.74725341796875,4563300
2022-08-30,96.16468375036723,96.65807352281116,94.2190442090955,94.489013671875,6281700
2022-08-31,92.77610353679712,95.81091767267691,92.30132921152891,93.79080963134766,6636100
2022-09-01,92.09651625051194,93.15777140052165,88.97791534118855,90.07640838623047,7520000
2022-09-02,91.57522359189103,93.26019793875572,91.39834532037561,92.28272247314453,4207500
2022-09-06,93.04607468859628,93.34397080079287,90.82116154697722,91.65899658203125,4122700
2022-09-07,90.29983413009849,92.02204604096518,89.03377403183478,91.54727172851562,4176200
2022-09-08,91.90102749108053,92.15237441784436,90.60704075545358,91.64967346191406,4040100
2022-09-09,93.27879985447841,93.6139338455285,92.20824043560489,93.1019287109375,3571700
2022-09-12,94.23766169416352,94.6007223414405,92.25478435644729,93.0367660522461,3233900
2022-09-13,91.47280324994097,92.8691924407806,90.45809007801475,90.90493774414062,4777400
2022-09-14,91.97549600271245,93.26948263588501,90.43015536027497,91.52864837646484,5021400
2022-09-15,90.26259619870547,90.26259619870547,88.22386571284176,89.49923706054688,6585000
2022-09-16,89.32237206708096,89.66681734115294,87.07884346717424,89.04309844970703,18821700
2022-09-19,86.47373905745559,89.78783424477153,85.88725807503619,89.64820098876953,4202000
2022-09-20,88.81036006639808,90.83046819684898,88.81036006639808,90.48602294921875,3929900
2022-09-21,92.17100654793538,92.36650020082266,88.07492978091642,88.13078308105469,4218800
2022-09-22,89.35028839111328,90.35568316089888,88.55899554023799,89.35028839111328,3163100
2022-09-23,86.29686712995735,86.52959871024571,83.81129555705482,85.13320922851562,8268000
2022-09-26,84.52810979767588,86.63199809498221,83.22481157389774,83.35514068603516,5627300
2022-09-27,85.11458698413439,87.1067685830435,84.85392877155243,86.4365005493164,3748600
2022-09-28,86.91126281417506,93.62323926258871,86.66922003518575,93.1763916015625,5233500
2022-09-29,92.62714421163925,92.9064248743438,90.54187179795942,91.88240051269531,2767700
2022-09-30,91.6496829736188,93.96769436137973,91.25869566811816,92.46890258789062,5011700
2022-10-03,95.33614626520395,96.77907747321734,93.28810456324575,95.68989562988281,3777800
2022-10-04,97.37488081685554,100.35384897083557,96.8628756592676,100.27937316894531,5011100
2022-10-05,99.86044066911346,101.04272080585665,97.57036329138724,100.14903259277344,4493400
2022-10-06,99.53462560310996,100.90308822604794,98.87366886665481,100.40969848632812,2396900
2022-10-07,100.78208000330517,101.48957885494595,98.40821517326816,99.46015930175781,3114900
2022-10-10,99.96286171615961,101.12651956996181,97.83103967570548,98.73403930664062,2751500
2022-10-11,97.17937854381944,98.03582888237958,95.52233116196093,96.28569030761719,3213400
2022-10-12,95.94124562898405,98.5385304095267,94.61933221595457,97.71000671386719,3051900
2022-10-13,96.62082122939599,102.58805386543908,96.19259607365395,101.5361099243164,3243900
2022-10-14,100.92172090388344,102.31811031668755,96.51843649711677,96.909423828125,3055600
2022-10-17,98.64094074979172,100.17697042285293,97.57037418357312,98.0916976928711,2340600
2022-10-18,99.53463405533081,101.11721295942029,98.7619635546379,100.6889877319336,2755300
2022-10-19,100.73549999148624,102.56011406992347,100.12109253459285,101.34991455078125,3627200
2022-10-20,102.02019950804676,103.90067442154321,101.10789580349777,101.78746795654297,2733100
2022-10-21,102.23431892942273,103.90998899479075,100.2886865057932,103.68656158447266,3074900
2022-10-24,103.82618138521066,104.54299842219567,102.69976171520779,103.76101684570312,2691300
2022-10-25,103.09075620909233,104.11477351732358,102.05742765101824,103.7424087524414,3139200
2022-10-26,104.36612859053544,106.27452999046363,102.85802570902328,105.30636596679688,2476300
2022-10-27,106.66553590282561,107.72679130413934,105.5391159453752,105.79977416992188,2518700
2022-10-28,106.68414124200943,106.9541106926584,104.58024603852651,105.72528839111328,2552700
2022-10-31,104.46853725221968,107.16822459977143,104.28234775442807,105.77183532714844,3158500
2022-11-01,105.97662786232755,111.56218467565226,104.98053718138075,110.96639251708984,5767300
2022-11-02,110.85469578102676,110.92917158306844,106.7772343992873,106.80516815185547,3994900
2022-11-03,106.22798447739856,110.72435952595448,105.45531406153765,110.03546905517578,3042000
2022-11-04,112.00903144555991,112.62344609924092,108.34118022818629,109.5234603881836,2748400
2022-11-07,109.93306486198881,112.06488658260568,109.53277343864433,111.24567413330078,4505800
2022-11-08,111.18052126797416,111.36670367524832,109.21626633089647,110.8733139038086,2108700
2022-11-09,110.25888474888058,111.16188416288928,107.72676473091042,107.85709381103516,2882400
2022-11-10,110.25890102683731,111.18051597303884,108.4435906815518,110.94778442382812,2875400
2022-11-11,112.38141156425553,114.21533730752296,111.57150321653344,112.85618591308594,3390200
2022-11-14,112.78170558404246,114.61563125366851,112.09282221505093,112.20452880859375,2839000
2022-11-15,113.23497899959378,113.74082772327722,110.71511208225274,112.41063690185547,3580700
2022-11-16,111.22094160915985,112.9164661361144,110.66825235674467,112.27947235107422,2758500
2022-11-17,110.7151035142997,112.8696362667261,110.30292892388975,112.78533172607422,3196800
2022-11-18,111.18348779584112,114.12489883836152,110.50902284269937,113.51600646972656,3783500
2022-11-21,112.3825183319916,113.15065728171353,109.21628129906786,112.70101165771484,5107400
2022-11-22,114.27478092060142,119.26768855414662,114.12490378389491,118.59322357177734,4314000
2022-11-23,116.86957744900413,119.29576991791114,116.41993182109145,117.65644836425781,3941400
2022-11-25,118.23724019839591,119.54869888238073,117.15997030987714,117.28174591064453,1588500
2022-11-28,114.7525024251738,116.77589691884393,113.83447926114768,114.20918273925781,3413400
2022-11-29,114.9398654203447,116.75717287817972,114.43402387853784,115.66117095947266,2921500
2022-11-30,116.63539107520046,117.02882654098903,112.77595710737575,114.10614776611328,7568400
2022-12-01,114.93986276669432,115.3051967311621,112.5792427542198,112.62608337402344,3243600
2022-12-02,112.0733922295167,113.52536565698925,110.1343092397429,110.75257110595703,3889000
2022-12-05,111.23967207579106,111.75489025783926,104.89784296817916,105.3381118774414,4945600
2022-12-06,104.73857197959542,106.55587892697584,101.29131336887414,102.3779525756836,5049300
2022-12-07,102.30302570078739,103.81120201431048,101.03840771935872,102.10630798339844,5190200
2022-12-08,103.71753990149065,104.48567890193748,101.50679699349735,101.96580505371094,4547400
2022-12-09,101.49741968462948,103.13674120700611,99.78315603455144,100.07355499267578,5379700
2022-12-12,100.51384246117372,104.17655181884766,99.8768485972032,104.17655181884766,5812600
2022-12-13,105.66598838638211,106.60274357722992,103.3803034337135,104.09223937988281,4260300
2022-12-14,104.55123871228484,105.55356639711476,102.75267061094274,103.92361450195312,4257800
2022-12-15,103.20232974563467,103.96110639895048,101.23514504386833,103.85806274414062,4255900
2022-12-16,101.60983814904573,103.2397902033245,100.88853263951931,102.80888366699219,14691100
2022-12-19,103.63322034179564,105.29128097026769,103.29598791386486,104.04539489746094,3408900
2022-12-20,104.27959044211207,107.12732715864007,104.04540163792598,105.86270904541016,3520700
2022-12-21,107.35213131769068,107.87671902519472,105.66597645271989,107.3052978515625,3226000
2022-12-22,107.35215511308854,107.4739378751389,102.6964801649109,104.58872985839844,2699600
2022-12-23,105.53484692353531,108.09218468176796,104.99152717858564,107.83926391601562,2388000
2022-12-27,108.42003493893807,109.70339201853382,107.94229497634622,109.43173217773438,2420000
2022-12-28,109.3661737406119,109.59099299599858,106.75262577603777,107.27720642089844,2650600
2022-12-29,107.27718984497442,109.04766354156514,107.02426911510385,108.83220672607422,2054100
2022-12-30,108.35447339892214,109.3755402939472,108.09218308368636,109.02893829345703,2370800
2023-01-03,108.33573954785841,108.33573954785841,103.3428326517047,103.9048843383789,4363900
2023-01-04,102.18126241575514,105.04773113850521,102.10632028194952,103.58639526367188,3664600
2023-01-05,103.58639195827452,108.45751615020029,103.27726102634702,108.41068267822266,4093600
2023-01-06,109.45983368766633,111.80172147365352,108.71979628966946,109.43173217773438,3102800
2023-01-09,111.83920834059003,112.33568747788017,107.62380973010734,108.43878936767578,3716700
2023-01-10,108.41068253598661,109.49731485256746,106.82756395959404,109.1319808959961,2752200
2023-01-11,110.82749456117143,111.25840105330697,109.75959430960201,110.16239929199219,2976900
2023-01-12,110.95865227969847,114.12488947816419,110.95865227969847,113.35675048828125,3091300
2023-01-13,113.45978227841006,115.11783568991808,112.63543320192639,114.21855163574219,2780500
2023-01-17,115.06164520103322,117.37543173417652,113.61904130695044,114.06867980957031,3746900
2023-01-18,115.06162807000035,117.89062526398479,113.35673411207782,113.63775634765625,3709300
2023-01-19,112.85090157423916,115.83915298860748,112.61671277115387,115.43634796142578,2475500
2023-01-20,115.46444302721657,118.17166486797191,114.7806086157651,117.76885986328125,2882000
2023-01-23,118.25596891000389,120.67280607496998,118.1060918013963,118.8554916381836,3963400
2023-01-24,116.34499146534641,122.47137839802336,116.34499146534641,121.97489929199219,3782200
2023-01-25,121.27233346797374,122.5744226133443,120.17631731463136,121.60018920898438,3671600
2023-01-26,122.44328176657912,126.85539087246234,121.48778743469182,126.78982543945312,4005300
2023-01-27,126.61183928843451,127.82962393628871,124.02638572664398,124.44793701171875,3400600
2023-01-30,123.8390176720847,125.05680212455657,120.85076670510496,120.97254943847656,4152300
2023-01-31,123.23015183614883,124.58844404404438,118.6962528628326,120.39178466796875,5408700
2023-02-01,120.70090428235197,120.93509306497683,114.16235032684114,115.19277954101562,5189900
2023-02-02,114.99605271095426,115.06162527901941,110.62140116646837,112.31693267822266,6275700
2023-02-03,112.94458464858769,114.17173178734967,110.57459491637916,110.72447204589844,3255100
2023-02-06,111.04294654834428,111.85792602986515,106.90249086564414,109.04766082763672,4190100
2023-02-07,109.39426802849759,114.88365391749288,109.39426802849759,114.49958801269531,5361900
2023-02-08,114.37780451964493,114.95859529635598,112.01718464222617,113.87195587158203,3005500
2023-02-09,113.81574907619809,114.57451844970623,112.17642758744627,113.10381317138672,2788400
2023-02-10,114.82744848805336,119.04284668088755,114.82744848805336,118.77118682861328,3467600
2023-02-13,118.1435730794416,119.773525190919,117.22554980243116,119.7266845703125,3499800
2023-02-14,118.84612745130805,121.16928334834489,118.54636609171051,120.50418090820312,3174500
2023-02-15,119.13792879532843,120.06132850232686,118.03549234482828,119.76923370361328,3048800
2023-02-16,119.28868687389092,121.19202613096299,118.90236863569555,119.20388793945312,2595100
2023-02-17,117.51725399020907,117.78108246472416,114.53032746421249,115.42546081542969,3275900
2023-02-21,114.64340522617475,117.50784232728171,114.64340522617475,115.96255493164062,3988000
2023-02-22,115.57623528777471,117.70571228983546,114.94492316091049,115.68930053710938,3142800
2023-02-23,117.64916911756215,119.16619004628802,115.78351359413979,118.27104949951172,2893600
2023-02-24,116.42424495158308,118.21451888674085,114.52090577530788,117.70570373535156,3218600
2023-02-27,118.25222128209268,120.21210045972643,118.10145802744962,119.26985168457031,3057500
2023-02-28,120.34400415159494,120.40996127251589,116.40540432954765,116.4619369506836,5774400
2023-03-01,116.527893916576,122.46406354671096,115.95312163983522,121.72911071777344,4295300
2023-03-02,121.27682501999008,122.86921309505192,120.4947497589452,122.14369201660156,3054000
2023-03-03,122.04008315197255,126.39326852615767,121.34281378091325,125.79022979736328,3651800
2023-03-06,124.5746975317049,125.54521246910014,123.09536028334972,124.30143737792969,3271300
2023-03-07,123.96224325041668,125.01755724959975,121.8327662513294,122.69021606445312,3592500
2023-03-08,122.49232332092913,124.15067575303995,118.37469417210086,120.48533630371094,3516700
2023-03-09,121.50297090642061,124.80084146273526,120.84339967067261,120.96589660644531,3370600
2023-03-10,121.6066174155574,124.39567995088952,120.63610238485953,121.1260757446289,3746700
2023-03-13,117.75282430357566,119.1190820791961,114.8318546940782,116.63154602050781,4107500
2023-03-14,117.50783241375797,123.18959801177103,117.11208969214123,120.4005355834961,4528100
2023-03-15,116.25463888460123,117.3099599881203,112.68351554520002,115.6044921875,6669100
2023-03-16,113.32425135440549,118.7044979174616,112.56103218513128,117.93185424804688,6170000
2023-03-17,117.96953507415114,118.4689329267365,115.79294286446934,116.51847839355469,13118700
2023-03-20,116.49962325495584,119.94825678659916,116.33001820932114,118.95889282226562,4830700
2023-03-21,121.11662751631542,122.53000040229388,119.39231805889925,120.88106536865234,4607900
2023-03-22,120.85282148463034,123.19902608660439,119.58079427777645,119.6467514038086,3226000
2023-03-23,119.97652350524926,122.96345002970413,117.7622405938127,118.86466979980469,3236300
2023-03-24,116.19811243391051,118.26163944126374,113.61635294128274,117.4984130859375,3856100
2023-03-27,119.00600156447317,122.42635422035175,118.61967618620352,121.46527099609375,4107400
2023-03-28,119.7126890467637,125.04581964204289,119.66557374064259,123.9716567993164,3913200
2023-03-29,126.27073613286298,127.32606439529187,125.31907017438242,126.33670043945312,4418800
2023-03-30,127.22240310741307,127.45796524465514,125.3190570127771,126.20477294921875,2936000
2023-03-31,126.44033461392704,127.1093230297541,125.18714232317407,127.04337310791016,3143300
2023-04-03,129.30477433598014,130.81237788179706,125.25310238697351,127.80660247802734,4745700
2023-04-04,126.52517342995132,126.70420301045164,117.6868818746184,118.55374908447266,5256800
2023-04-05,118.25221761784687,125.69597695989253,117.83762586921296,125.04583740234375,6391300
2023-04-06,125.27195621058006,125.36618682741323,120.9658873196866,121.24855041503906,3280100
2023-04-10,121.29567494153213,124.34856600151011,121.29567494153213,123.66072845458984,2765700
2023-04-11,124.36741555550469,125.63944271964425,123.51938306850364,124.55586242675781,2582900
2023-04-12,124.08473752023248,124.46163126109973,122.49233486655532,122.69963073730469,2411700
2023-04-13,121.98353481012315,123.52882225227444,120.32516773629943,122.94461822509766,2495400
2023-04-14,122.9352000990087,124.16954370664394,121.96468500090273,123.227294921875,2402600
2023-04-17,122.69020578375508,123.11421481021353,120.24977798756238,121.83275604248047,2875200
2023-04-18,120.74917097958823,122.18139309840743,120.00480079680825,121.60662078857422,2960600
2023-04-19,120.55129332146122,120.98471964449013,117.50782705070408,119.09080505371094,3835500
2023-04-20,117.83762260216443,119.04369981334739,117.22516668530142,118.43124389648438,3061000
2023-04-21,118.37470942755787,118.77987668292498,115.56681214144055,116.39598846435547,3256300
2023-04-24,116.18868771309013,120.26862640829985,115.91543472081183,119.20388793945312,4208000
2023-04-25,117.95068937953707,118.48777083653289,115.43488714354538,116.03792572021484,2884900
2023-04-26,116.27348664832567,116.66922936214519,114.31360770066689,115.45372772216797,3425100
2023-04-27,115.45373134209919,115.96254649958628,113.61634926405165,114.4172592163086,4610800
2023-04-28,113.53154810000456,116.05677499808371,112.83428604876408,114.954345703125,5342200
2023-05-01,114.4266886891197,115.84006179174702,113.84249188540363,115.38777923583984,4173200
2023-05-02,114.9543461262609,115.35951337147053,107.94401320962452,110.21483612060547,5342400
2023-05-03,108.70723104039945,110.02637342002278,103.55312969400022,103.71331024169922,6634900
2023-05-04,103.21393052088435,104.09964665988261,98.40846325992932,98.9926528930664,7334100
2023-05-05,101.69690973334843,102.19630042976776,100.51909877432642,100.72639465332031,4351100
2023-05-08,102.25281708043875,103.4494768535721,101.48959799864217,102.43184661865234,4440900
2023-05-09,101.64978008639332,105.42819912302228,101.4707577342405,104.53306579589844,5638000
2023-05-10,105.0889987018772,106.4458391605156,102.97836357971866,105.26802825927734,5078400
2023-05-11,103.26102831378827,105.22090727305974,102.69568054944104,103.7415771484375,3579400
2023-05-12,104.74979592631215,105.30572644881617,102.78049941208464,103.53429412841797,3260400
2023-05-15,104.03369335844545,105.47533287085126,103.19508531356811,104.24098205566406,3937600
2023-05-16,104.24096486878045,105.15169687951922,101.01545837827614,101.27159881591797,4514600
2023-05-17,102.76104273418945,105.55964653143936,101.61314051873397,104.9524917602539,3730500
2023-05-18,104.30737640585345,105.5881003594511,103.09306700906463,105.2845230102539,3359300
2023-05-19,106.07192308900304,106.38498926919429,104.22199972942741,104.6489028930664,2325300
2023-05-22,104.85762518435415,106.04347547774069,104.68686245259225,104.9524917602539,3000100
2023-05-23,105.18963974151075,105.78731279616441,103.80456775807977,104.2789077758789,3982000
2023-05-24,105.35094013940413,105.68297676509273,103.57690554235991,104.86711120605469,3699100
2023-05-25,103.42510451541078,104.15559226819728,101.91670658393903,103.89944458007812,3897500
2023-05-26,104.52557787837586,104.63942210054627,102.16336636171637,103.22588348388672,3479200
2023-05-30,101.07238195378804,102.66616486225486,100.71188610989084,102.25823211669922,4101900
2023-05-31,100.19011234081853,101.08187400790354,98.96631406509184,99.52603912353516,12831900
2023-06-01,100.03832402343211,101.7649216949592,99.44065810408426,100.43677520751953,4180000
2023-06-02,102.4005492563282,104.24098403315958,101.28110626355796,103.32077026367188,3627600
2023-06-05,104.2125027605641,104.2125027605641,102.07797263340612,103.1120376586914,2744700
2023-06-06,101.55620310954575,103.79508862557545,101.46132931345706,103.43458557128906,2949600
2023-06-07,103.52946277051323,108.30133003277278,103.34921846269857,108.26338195800781,4090900
2023-06-08,108.14953029652715,108.70924807564593,104.81966115290318,106.66010284423828,3811300
2023-06-09,106.95420233274773,107.71314937803606,105.51221163212642,107.2103500366211,2699000
2023-06-12,105.38886338661825,107.988251937495,105.35092255389185,106.60317993164062,3063500
2023-06-13,107.91237462361653,109.6674315765174,106.55576162454827,106.72652435302734,3174900
2023-06-14,107.63725751084105,108.24441227609962,104.96197956459059,105.91065979003906,3152400
2023-06-15,106.07192798568538,108.61439114264277,106.07192798568538,107.98826599121094,3240400
2023-06-16,108.20644788604291,108.62386943842633,106.81188700681162,107.47596740722656,10770500
2023-06-20,107.11548315360125,107.32418671448531,105.00941198501974,105.24658203125,3816300
2023-06-21,104.7817323309438,107.33368455885648,104.29791060724945,106.25218963623047,2943500
2023-06-22,104.63942528929847,106.14782328028394,103.29229395172246,105.70194244384766,2911800
2023-06-23,104.07970666540928,106.28064449893552,104.07970666540928,105.91065979003906,3536100
2023-06-26,105.78732817086185,107.85545123855285,105.55963971797189,107.23880767822266,2351900
2023-06-27,107.33368192102994,108.79465036116615,106.65063098924097,108.13057708740234,2341800
2023-06-28,108.04518259438481,109.43025475625032,107.09650243657101,109.19308471679688,2514800
2023-06-29,109.33538790560587,110.99557817749142,109.19308443473037,110.36944580078125,2324800
2023-06-30,110.79636331255317,111.44146614904852,109.57256496517863,110.6161117553711,2654500
2023-07-03,111.14736244899356,112.52294567977772,110.8437778728625,111.50785827636719,1537200
2023-07-05,111.65965572736376,111.84939610851801,109.72435450457876,110.24612426757812,2777100
2023-07-06,109.49667124230973,109.95204094082965,107.030104073121,107.5234146118164,3083300
2023-07-07,107.5423953104149,112.98781799939529,107.39060299399787,111.96324157714844,4147600
2023-07-10,111.54582119520151,112.83602686406698,111.13788841404764,111.79247283935547,2582600
2023-07-11,112.42808453747308,114.10724518746582,111.89681874149247,113.85110473632812,2651300
2023-07-12,114.79029334437081,116.14690619159121,113.29137703303684,113.80366516113281,2395500
2023-07-13,113.78469420804946,114.92310743989039,112.71268105624686,113.76571655273438,2374400
2023-07-14,113.40522741277816,113.40522741277816,111.5078670891336,112.33322143554688,2007400
2023-07-17,111.98221106279092,113.24395745896088,111.26121208814303,112.06758880615234,2116300
2023-07-18,111.8778525501192,115.35001820281548,111.59324560445404,113.30087280273438,2314100
2023-07-19,113.32933407393418,115.9382045836597,113.32933407393418,115.84333801269531,2883200
2023-07-20,116.68766959668164,117.92095680463444,115.8148855123935,117.87351989746094,3143100
2023-07-21,118.5850356417396,119.6855082466659,117.59840727665758,119.36295318603516,2587400
2023-07-24,120.00805082665937,123.26201711417103,119.74242151648338,121.80105590820312,3079600
2023-07-25,121.24132936927748,123.4327782593864,120.6151969790433,122.00975799560547,2994700
2023-07-26,121.18440593241257,124.36248313415015,121.15594668465474,123.66046905517578,2863700
2023-07-27,123.9735246063699,124.60915309447296,121.49748312076179,122.92998504638672,3027200
2023-07-28,123.41380537902883,125.16886956256738,123.02484301770453,125.06451416015625,2556500
2023-07-31,125.25423712360768,127.02826434464647,125.14040013958254,126.19343566894531,4066100
2023-08-01,125.02654163447107,128.07181106693017,124.47631992554841,128.014892578125,3491300
2023-08-02,128.18564571317634,130.36761275718158,126.79108485997645,128.89715576171875,4477300
2023-08-03,128.4987145522337,130.33915623230368,126.79108750496724,129.2292022705078,3716500
2023-08-04,130.23480840683155,132.67292331395564,129.76994992716973,130.87042236328125,3483600
2023-08-07,131.99938091685596,134.42800025252757,131.65785541804507,132.81524658203125,4106300
2023-08-08,131.44910946049043,135.30074826600668,130.5099254465174,134.5038604736328,4232200
2023-08-09,135.66126209302703,139.0385611269216,135.01616653631027,136.65737915039062,4779300
2023-08-10,137.5680863467316,139.94928249354174,136.86607238690456,137.82423400878906,4137200
2023-08-11,138.24165522913216,142.07431618377834,138.2321736400804,142.06483459472656,4396000
2023-08-14,141.35334565966323,142.01741888506987,139.958784648454,140.9169464111328,3440300
2023-08-15,137.92300460513687,139.51535358130678,135.12927207581518,135.98741149902344,5569500
2023-08-16,135.96833232755364,138.40927611371256,134.5380904638662,134.82412719726562,3623300
2023-08-17,136.68345502441628,138.4474112829055,135.65367912336293,135.8634490966797,3351400
2023-08-18,134.91946535995214,137.98971866847268,134.55713281137804,137.8943634033203,3154500
2023-08-21,138.35205818812952,138.6953167911346,134.70970220351052,136.20669555664062,3495100
2023-08-22,136.58809901422563,137.57972697890582,135.90158175053446,136.3020477294922,2330000
2023-08-23,135.25318738104318,136.7596957400363,133.1840917156785,136.58807373046875,3645600
2023-08-24,136.2066931005758,138.0183268037195,135.43435034586253,136.92181396484375,2888200
2023-08-25,137.5511112069558,138.90507164982145,135.67272587973375,137.2841339111328,4481100
2023-08-28,137.5129565043177,138.5141284829867,135.5964380959628,136.3782958984375,2520300
2023-08-29,136.23531541603037,136.78834403931756,135.07205082035267,136.607177734375,2673600
2023-08-30,137.1506586366706,137.27461758937966,136.20670830195667,136.48321533203125,2539300
2023-08-31,136.87412609059194,137.06482206362907,133.3175959988129,136.13040161132812,5114500
2023-09-01,138.35206745488713,140.07789029283447,137.97066089868423,139.1720733642578,3027600
2023-09-05,139.81090749092007,141.39369735223187,139.41044153450343,140.18276977539062,3080900
2023-09-06,139.82996018673322,141.68928606891015,139.22926855555977,141.01229858398438,2593800
2023-09-07,141.71789509906503,144.00627612635853,141.1171888960025,143.87278747558594,3641400
2023-09-08,145.3125768701768,149.57469906182467,144.7500185261057,148.08724975585938,4432100
2023-09-11,148.6879527617137,150.64261963454297,145.86560229643644,146.90492248535156,3803000
2023-09-12,147.45793762694865,149.44120818868498,146.16118435770466,148.58306884765625,2841200
2023-09-13,148.6974722158754,149.2314268361989,146.82863104474308,148.24932861328125,3177200
2023-09-14,149.84166192325745,150.38516079749618,148.64026403429006,148.9263153076172,3526400
2023-09-15,147.05744835424568,148.56397136602354,145.92278760460994,146.656982421875,11636400
2023-09-18,148.28746278553717,150.49003266461548,147.88699685744757,149.06932067871094,3003600
2023-09-19,150.3183923844981,150.3183923844981,143.29114302967318,145.0741729736328,4507700
2023-09-20,144.8453567232274,147.48652608095549,144.6641904356866,145.57000732421875,2538500
2023-09-21,148.49724806519887,152.0823823743787,146.12304137224788,147.57235717773438,4152000
2023-09-22,148.47818052579115,150.34702179739915,146.06584034766553,146.3232879638672,2809100
2023-09-25,145.56047918802312,147.5437495664938,145.1600132292702,147.0288543701172,2123700
2023-09-26,145.77023486217482,145.88464953941232,143.3292914199709,143.99673461914062,3004800
2023-09-27,144.95024954578275,146.45677272205964,144.19698068305803,145.34117126464844,2709800
2023-09-28,144.8262689675239,148.91675368687987,144.7976652984436,147.24813842773438,2994700
2023-09-29,147.03837283499988,147.43883872350727,143.0909067349478,144.3018341064453,3331200
2023-10-02,144.03488661262304,144.54978182508654,141.49858757877408,143.0432586669922,3986700
2023-10-03,141.4699778246849,142.47114998439753,137.53205533526713,140.421142578125,3734100
2023-10-04,138.1136862236905,138.19949723818107,132.84086272325254,135.2913360595703,5777700
2023-10-05,133.88017779461913,137.03624253421341,133.4224899197037,135.6632080078125,4003700
2023-10-06,136.2066914139982,138.77157932744248,135.11016403952894,136.52133178710938,3372000
2023-10-09,138.7429611105129,140.230424555121,137.17923091926087,139.75367736816406,3354000
2023-10-10,138.84787328748138,142.48068523624923,138.84787328748138,141.98487854003906,2946300
2023-10-11,140.79300074343152,142.40440876922156,139.65833996554758,141.61300659179688,2825100
2023-10-12,142.40440160510357,142.69998255606777,139.45809270389728,140.7262420654297,2773900
2023-10-13,142.4806860887318,143.41512123930755,141.21255111855643,141.30789184570312,2568800
2023-10-16,142.4711540899105,144.6546647596261,142.0992917969211,143.7393035888672,2406900
2023-10-17,143.51043203540593,145.40789106470535,143.47229866233496,144.3018341064453,1991400
2023-10-18,144.37812559973324,147.15279789734444,144.31138855485284,146.82861328125,2215700
2023-10-19,146.77140699322493,147.15281353725896,145.06465817483513,145.7321014404297,1906500
2023-10-20,145.57954506989577,146.6188652164621,143.79651486618613,143.8441925048828,2478900
2023-10-23,143.75836024015135,143.95858592424642,141.01229160776901,142.49974060058594,2422700
2023-10-24,142.73812708112308,144.34953515170747,141.4509182054973,141.7178955078125,1759100
2023-10-25,142.2041545844301,143.300667327464,140.3066954860535,140.49740600585938,2479500
2023-10-26,139.73462124944385,141.51765130060133,137.40809235215542,141.1743927001953,2929200
2023-10-27,140.85971570588737,141.37461080042684,137.83714037400046,139.21017456054688,3524200
2023-10-30,140.04927110654512,141.62253114774168,137.78947934023026,140.0301971435547,2949000
2023-10-31,141.49856896403531,144.91208080242674,137.74181309472,144.21603393554688,4139700
2023-11-01,145.34115432610358,150.30886689072224,144.2160378409301,147.99188232421875,4023200
2023-11-02,148.0014386873885,152.2254129447909,146.77142245838465,148.52586364746094,3828200
2023-11-03,148.22071609811573,148.25886402538998,142.928818749593,143.7678985595703,3275900
2023-11-06,144.93116150713928,145.54139739467618,141.82277472830623,142.94789123535156,2427500
2023-11-07,141.403255622978,141.67023295371493,138.00881709003124,139.36277770996094,2843300
2023-11-08,138.47600321578614,139.38182008785003,136.4355255522139,136.8264617919922,2949700
2023-11-09,137.30320558312408,138.25670006634022,134.8431880705259,135.2055206298828,2297300
2023-11-10,136.73110505546444,138.65716801324757,135.9110992060456,138.3806610107422,2377500
2023-11-13,138.3234666001598,140.49743309270733,137.76089373694464,139.9348602294922,2400900
2023-11-14,140.44973794445787,144.07301983006647,140.44973794445787,143.6630096435547,2986400
2023-11-15,143.55276885296337,146.5057028243545,143.14051585786402,144.12802124023438,3226600
2023-11-16,142.73782092264943,144.28139945078425,137.9441006028858,139.11376953125,3494100
2023-11-17,140.21632635817156,144.07048178400834,139.88076006731413,141.79824829101562,3451500
2023-11-20,142.7665909509301,144.415632013802,142.41184567730488,142.84329223632812,2387100
2023-11-21,141.8078453748657,142.09547153484365,140.07252086967335,141.53939819335938,1926800
2023-11-22,139.01791018309626,143.21721449620213,138.11668828674243,143.05422973632812,2422200
2023-11-24,143.61028951728392,145.2593307373033,143.19803652691695,143.33226013183594,1264300
2023-11-27,142.90081206227632,144.4827339869846,142.23927628781766,144.33892822265625,2178700
2023-11-28,144.7703587427751,146.2755939981124,143.6486299040559,143.80203247070312,2465000
2023-11-29,145.0675882290073,145.9783923287367,141.08880549526918,141.33807373046875,2935900
2023-11-30,142.29682748883152,145.3744031338683,141.1846805879422,143.03506469726562,5973500
2023-12-01,142.64196573817904,147.42610472479853,142.31599621016176,145.1730499267578,3124600
2023-12-04,143.81160298926724,145.7099120525292,142.34472580911853,145.14425659179688,3075100
2023-12-05,145.19222355501196,146.70704114200046,142.48855789703526,142.77618408203125,2761200
2023-12-06,141.6640296784131,141.6640296784131,137.18669627425547,137.27297973632812,4039700
2023-12-07,137.6852633433906,139.01791727555067,135.16376126592078,135.739013671875,3606600
2023-12-08,136.72647932896993,138.2029386186553,136.2087640175736,137.11956787109375,3092100
2023-12-11,136.62106408648705,138.76865660603548,136.4005569915275,137.91537475585938,3017800
2023-12-12,136.64981278353739,138.0304068038229,135.61436726832324,137.4551544189453,2930200
2023-12-13,137.30174147955302,140.7436290990574,136.68814587432306,140.60940551757812,3457500
2023-12-14,142.9103831396719,144.66488647460938,141.24217788590437,144.66488647460938,3559800
2023-12-15,139.69860839331264,143.33224207320433,138.54810377693136,142.25845336914062,12266800
2023-12-18,144.70325173609697,146.75497832073276,144.18553631695605,145.5469512939453,3307400
2023-12-19,145.60446383260762,147.49319090650215,144.74159998218667,147.42608642578125,2583900
2023-12-20,147.9629727756338,149.83252076981563,147.09051216859115,147.29185485839844,3166100
2023-12-21,147.31104009297636,148.71081305819627,145.144283473183,146.3618927001953,2064800
2023-12-22,147.50277390050974,147.81914655457615,144.5594227256488,144.6457061767578,2121400
2023-12-26,145.55654843012888,146.82208314050993,144.45398384556015,145.80581665039062,1525400
2023-12-27,145.23054543194976,145.65239515705642,143.38017642687313,143.69656372070312,1712700
2023-12-28,142.86242711400786,143.33221690417798,140.81071569800855,140.8203125,2372400
2023-12-29,141.80785637129307,143.5431810110504,141.51064801366948,142.23928833007812,2507000
2024-01-02,142.88162971137996,146.1221893976474,142.88162971137996,146.07424926757812,3187400
2024-01-03,146.2084834866541,153.38948246673428,146.09343886954073,151.37611389160156,4674200
2024-01-04,153.23608272935402,155.61376417914414,147.01382778803412,147.07135009765625,4495800
2024-01-05,148.365655142362,149.54490633421105,145.30725900585168,146.20848083496094,3373700
2024-01-08,143.8116360721067,149.89007104572815,142.3351763786479,149.81336975097656,3108000
2024-01-09,149.54491821855848,149.68873862804602,147.541146324803,147.94381713867188,2767900
2024-01-10,148.32730043274034,149.4681935791909,145.67157528187033,146.53443908691406,2327400
2024-01-11,147.09052096234856,149.56408254455997,147.09052096234856,148.979248046875,2534100
2024-01-12,151.1460315729244,152.35405874190988,150.04348149036093,150.96388244628906,2473600
2024-01-16,151.87466301685973,153.40864486620825,147.64659784040407,147.7616424560547,3268000
2024-01-17,146.15096048421935,148.37523930374147,145.1826195305299,145.72911071777344,2691000
2024-01-18,145.29768273052645,146.06468099682183,142.7474197125362,145.53736877441406,2722100
2024-01-19,146.03591065648223,146.76455091753127,145.47024051023806,146.66867065429688,2492700
2024-01-22,146.86043905348245,148.1451674830083,145.3552181691369,148.06846618652344,2661300
2024-01-23,147.41650091179875,148.51906550430337,146.17014517224396,147.6178436279297,2601500
2024-01-24,148.57657623541562,149.1230527721376,147.6465932762557,148.7012176513672,1851000
2024-01-25,150.04344024899177,151.45279513924424,148.50944395384244,150.78167724609375,2912500
2024-01-26,150.70499378209288,154.19482186825422,149.8421152780998,153.89761352539062,3248400
2024-01-29,153.926383308392,154.30029295896804,151.96095478437934,153.53329467773438,3124000
2024-01-30,155.55625235822345,163.15908713093648,152.02808059027126,162.8810577392578,5858700
2024-01-31,162.97690642681442,164.34790339711103,156.86969687663228,158.7680206298828,4260400
2024-02-01,159.57339573764426,162.24828576541972,156.7546852944182,160.61842346191406,3203700
2024-02-02,160.90605773516867,161.48129553799805,157.5120947184395,159.4679412841797,2301100
2024-02-05,158.68174719009738,164.4917493275633,157.58877938785636,164.060302734375,3430100
2024-02-06,164.32875395321082,166.17913791062972,159.57339080002532,159.76513671875,2783000
2024-02-07,160.4362400033813,162.9098016266316,160.2157329485783,162.59341430664062,1952400
2024-02-08,162.59338879364543,164.31913089131666,161.69216710767978,162.67967224121094,1789400
2024-02-09,162.80434583423124,163.64804538865695,161.76890037087472,162.95774841308594,2185900
2024-02-12,163.52338784441565,164.61635550977832,161.73054109727633,161.9222869873047,2772200
2024-02-13,161.54838836006286,163.84936845532127,159.95686956905058,162.8714599609375,2366900
2024-02-14,164.1178156454589,164.59718771774396,160.2349135633697,162.8714599609375,2509900
2024-02-15,162.13321283777123,165.38335470151702,161.85518348993608,164.24244689941406,2095000
2024-02-16,164.38628452273372,165.0765668775285,162.90022810899185,162.99609375,1964300
2024-02-20,162.49030373222587,162.6348107479292,157.63466219602597,158.2801513671875,2896200
2024-02-21,158.5980718742483,160.28405555795788,157.90440883975887,159.97576904296875,2544000
2024-02-22,159.07977396104314,161.83515346732446,157.67319015819086,161.6135711669922,2561300
2024-02-23,160.91994209174572,164.23410719808692,160.12030222127046,163.33811950683594,1929200
2024-02-26,163.4248132826718,168.87775510527993,162.84675584817933,166.13201904296875,2736000
2024-02-27,166.59446341774807,167.78910864071932,164.65799591899298,164.8699493408203,2046200
2024-02-28,164.4942087087793,165.29384845361722,160.2840565726755,161.045166015625,2605000
2024-02-29,161.24746839320545,163.78126561843902,160.4092983851182,163.0394287109375,4548200
2024-03-01,164.11849094093,167.95289580944603,164.11849094093,166.87387084960938,2762900
2024-03-04,166.39215439641112,169.5328960339907,165.07225995403613,167.39410400390625,3154600
2024-03-05,166.91239791650497,171.47901080540205,166.613740278103,168.7621612548828,2777800
2024-03-06,169.56178511986658,170.87203586563547,167.15323703577758,168.7717742919922,2483800
2024-03-07,170.04349479553971,173.63704442207327,169.22458256642167,172.4231414794922,2726800
2024-03-08,171.58496345095313,174.55228161670578,171.58496345095313,172.98191833496094,2513000
2024-03-11,171.88363742117932,174.9858486815036,170.66971971894102,174.77389526367188,2467300
2024-03-12,174.71610069879964,176.25756280045977,172.1148567573884,174.5715789794922,2744100
2024-03-13,176.57547273702798,182.87624264217396,176.52729883610462,181.98025512695312,3510300
2024-03-14,183.72402236211292,185.23659742954584,180.89156781080953,182.0669403076172,3005100
2024-03-15,182.30782777784722,187.98236679694514,182.30782777784722,186.7491912841797,9044700
2024-03-18,187.63554987637093,187.92457862544083,185.13066835252866,186.40237426757812,2073500
2024-03-19,186.46980317628925,189.55274190889097,185.9399196361675,189.37933349609375,2509700
2024-03-20,188.36773821956086,191.11347429585254,187.45249286079698,190.5161590576172,1957300
2024-03-21,190.84372042664998,192.57787805968275,189.1481077969132,191.92276000976562,1681500
2024-03-22,192.6838614730323,193.28117673940287,191.0460515906339,192.84764099121094,2281300
2024-03-25,193.64726403569196,195.59337498446047,192.22140770025686,192.5200653076172,2042000
2024-03-26,192.6742233461702,193.54129480103524,189.88994226923185,190.15969848632812,1673300
2024-03-27,189.46605117655923,190.85337738004395,188.2039741916318,189.7839813232422,1674800
2024-03-28,190.51617526298125,194.65888138202067,188.78201750377724,194.12899780273438,6064100
2024-04-01,193.9266476819263,197.9730201529857,192.1636034517149,196.93252563476562,2201100
2024-04-02,197.95374156585606,203.8016883877194,197.01922377824297,203.64755249023438,3517300
2024-04-03,204.00403623919698,210.5938207057425,204.00403623919698,207.09661865234375,3902500
2024-04-04,209.04270845269625,210.84431247853303,207.52050424665214,208.33941650390625,3189700
2024-04-05,211.53798154870725,213.02164079396138,209.66894576528776,211.11407470703125,2690000
2024-04-08,210.57455716427168,211.7017559475119,208.6766200239426,209.04270935058594,2478400
2024-04-09,209.04269147860543,210.02538316739435,202.39510495584483,204.3604736328125,3052300
2024-04-10,204.08109451355506,207.36635757187076,202.86719159228127,203.493408203125,2663900
2024-04-11,204.37012677809972,206.0175654356194,201.40279377380756,204.5050048828125,2208700
2024-04-12,206.0368574778058,206.17173559531093,200.05401699997154,201.133056640625,2086700
2024-04-15,202.84793620787136,203.08879103245906,198.63778387766254,199.4470672607422,2587000
2024-04-16,199.76497188104833,200.08288727236427,194.28311442142925,196.4026336669922,1599800
2024-04-17,197.4816848461685,198.08864371197166,194.0519144755328,195.0538787841797,1816800
2024-04-18,195.63190075967967,195.63190075967967,186.65284144348408,187.88601684570312,2713600
2024-04-19,189.1384710017911,191.31579317756643,187.8956519580712,189.19627380371094,1748700
2024-04-22,189.07104040003966,192.0769039559616,187.19237567758842,190.9978790283203,1437200
2024-04-23,189.60092814324054,192.48154254763986,187.67408947247714,192.34666442871094,1703100
2024-04-24,191.54701440041856,192.16360210683254,187.89564736194936,191.8553009033203,1473300
2024-04-25,190.9015259145342,193.0595904104905,189.27335966737212,192.21177673339844,1295200
2024-04-26,190.31385438532573,191.57594609861832,188.70494581414815,191.1327667236328,1954100
2024-04-29,190.75700916159,193.9940983899323,190.44870794907598,193.17518615722656,2013800
2024-04-30,187.37544039190246,189.77434523821833,174.76426954307868,175.07257080078125,5782100
2024-05-01,174.47522915204178,177.3269418522481,170.3999552079128,172.4231414794922,3856500
2024-05-02,173.02046375444846,177.08609426360363,172.50022381516362,176.25755310058594,2682700
2024-05-03,177.03792147846596,177.80865984205664,173.53107588970929,175.8721923828125,1868600
2024-05-06,177.31732715892133,178.0109902390047,175.73732007664518,176.09378051757812,1906300
2024-05-07,176.26718703080456,177.50036245685476,173.7333897769837,174.3018035888672,1706600
2024-05-08,173.58889786305244,176.0648927406517,172.85670442212464,174.31146240234375,1844600
2024-05-09,174.74499313143846,177.09573851894524,173.93570976645586,176.23828125,1295900
2024-05-10,176.98011708220335,177.96280885445933,172.08594542311957,172.99156188964844,1584300
2024-05-13,173.48290746931684,173.65631587409072,170.81423209116952,171.35374450683594,1681000
2024-05-14,168.91630788052132,169.16679160666797,162.9527400526873,168.1262969970703,4660900
2024-05-15,167.6568359620561,168.0924310305561,164.66573308519003,167.1244354248047,2546600
2024-05-16,166.6888342602091,170.05745470930438,166.4952381002271,169.1765899658203,2788100
2024-05-17,170.42530454799197,175.2556079539977,170.21234433238828,173.91976928710938,3142700
2024-05-20,173.96814397089975,174.65541247098983,169.59280038821797,170.44464111328125,2454700
2024-05-21,169.98969307065767,173.20343050154372,169.98969307065767,170.92864990234375,2345200
2024-05-22,169.99937433732967,172.2064030171318,168.50866768429978,170.38658142089844,2250000
2024-05-23,172.18703230125348,172.23542025653967,170.02839185154133,170.90927124023438,2740700
2024-05-24,171.72239681726023,173.1937541217694,170.5704945725506,172.10960388183594,1806000
2024-05-28,172.24513067217313,174.85871570523832,172.24513067217313,173.42608642578125,2381000
2024-05-29,173.07760956277318,173.26153108295438,166.81467709054405,166.94052124023438,2624400
2024-05-30,166.49523869169875,169.70899108648936,165.5272431179098,166.50491333007812,2569900
2024-05-31,166.90178383331067,171.84824147345807,166.6597849561419,170.9576873779297,3935600
2024-06-03,170.72535926565124,170.88991672594037,167.3277004246343,169.15721130371094,2513900
2024-06-04,167.63746165583296,170.3091388172987,165.93379481132314,169.65089416503906,2319000
2024-06-05,170.52209025451927,171.24808687709086,167.94721868822668,168.35377502441406,2148500
2024-06-06,167.91818564097537,171.18032584801384,167.61810939017758,170.10585021972656,2229100
2024-06-07,169.81545825966714,172.467771477941,168.67323056003326,169.49603271484375,1908800
2024-06-10,169.3992107685707,170.47368635340607,167.36641433117225,168.7603302001953,2526000
2024-06-11,167.70522950237685,169.56377919107595,165.78860244378717,168.8765106201172,2097800
2024-06-12,170.27042050338156,170.67699165425657,162.75877994834858,163.3589324951172,3080300
2024-06-13,163.8526124401523,166.59204164511848,162.57485121220765,165.05291748046875,3284100
2024-06-14,164.03650586179654,165.6917697130377,163.3201839533351,164.62698364257812,2934000
2024-06-17,164.0558965340265,166.71788453757745,163.62997609018774,166.23388671875,3006500
2024-06-18,167.70521598420342,169.88320580218007,165.62403162186789,166.93081665039062,2557800
2024-06-20,167.35676629362166,171.5385145653456,166.9792485832945,168.1021270751953,3176700
2024-06-21,169.33144811282472,169.87353800763725,166.843707323375,167.14378356933594,7308200
2024-06-24,167.2405836364319,169.02169177921135,167.02762344866053,168.42153930664062,2327800
2024-06-25,168.208578078704,169.87353147983572,166.06930157675305,169.5831298828125,2146300
2024-06-26,170.26071255489603,170.64790481181436,167.26961027445427,168.7216033935547,1704100
2024-06-27,170.08650438238928,171.60624971341002,166.63075318328598,167.37611389160156,1648700
2024-06-28,169.36050043061633,169.36050043061633,166.51459127631398,167.9278564453125,3656300
2024-07-01,169.39920840063633,169.96064754950254,166.20482037385088,169.1959228515625,1705200
2024-07-02,171.73209147983337,172.24512793195905,167.95690002951804,168.56674194335938,2531500
2024-07-03,168.13112934849744,169.39920100417288,166.2048131168637,169.3895263671875,1344600
2024-07-05,168.55706265533294,168.93458031290584,164.2591602334637,165.2755584716797,1587400
2024-07-08,163.92036116629998,166.28227264670357,161.4035816250612,162.11021423339844,1897400
2024-07-09,158.7512627228772,161.2680569425131,157.60903511748683,157.70582580566406,3709900
2024-07-10,156.82494449178006,158.55766469556565,156.07959859694222,156.989501953125,2457500
2024-07-11,156.4668001223676,160.63885857989544,155.98280234733298,159.031982421875,2212400
2024-07-12,160.08710936451715,160.3678215760388,156.92175976884604,160.16455078125,2256500
2024-07-15,161.48102233606002,163.26213057663045,160.75502568437147,161.37454223632812,2198800
2024-07-16,160.2322927266525,162.61356813771232,158.53830061441,162.30380249023438,2271600
2024-07-17,162.62321776493206,166.95983276960794,158.91579382557674,160.2613067626953,3218600
2024-07-18,161.65526360039706,162.865258088424,158.78031551520985,159.254638671875,3014600
2024-07-19,160.33877922715234,161.53909900342322,158.76094178446044,159.8741455078125,3037100
2024-07-22,159.81608467149158,162.32318981221252,158.86743831788812,160.59046936035156,2620900
2024-07-23,160.59046873442804,160.98735048670864,158.3156878714961,158.7222442626953,2018200
2024-07-24,158.7996682625053,162.36188469195662,158.4802279679448,162.18765258789062,2534900
2024-07-25,162.39093685903757,167.04700811139415,160.5227124371631,166.01124572753906,2366500
2024-07-26,166.58236024885443,167.56004526374542,164.5689276164386,167.1244354248047,1789300
2024-07-29,167.02762625048481,168.39250344852218,164.30756126247792,166.45651245117188,1744400
2024-07-30,166.70819792202775,173.7261657908458,166.45652439167688,172.58392333984375,2357800
2024-07-31,175.14910908971362,177.44325371070082,171.27712706856974,171.3545684814453,1852900
2024-08-01,171.66433156377377,173.7164922247387,166.4758746958471,167.63746643066406,1363300
2024-08-02,165.69176667801767,166.09832296333934,158.82868300954507,159.37075805664062,2599700
2024-08-05,154.05648209020538,157.50255857072827,152.45929538011333,156.86367797851562,2702300
2024-08-06,160.04838278166923,168.07307426738512,158.77063631961587,165.42076110839844,2467900
2024-08-07,167.3567514884232,167.73426916535334,163.17501835707725,163.9300537109375,1753400
2024-08-08,164.5592553605534,169.28307871156218,164.28821776865365,168.57643127441406,2373100
2024-08-09,168.14080174460923,170.76407583561962,167.79232280208458,170.20263671875,2321900
2024-08-12,171.43201963053147,172.65168871910285,169.53474183342482,170.7350616455078,2970500
2024-08-13,168.89585516982012,170.26073240581238,167.5890700725327,170.12521362304688,2087300
2024-08-14,170.96735861696567,173.87134508526213,170.222012724819,173.31959533691406,2968900
2024-08-15,174.74254462322065,176.1751737686938,173.27118738789116,174.96517944335938,2391300
2024-08-16,173.9100654055943,176.5236501561925,173.52285836485933,174.26821899414062,2452400
2024-08-19,174.66509868299335,174.66509868299335,172.30318745794023,173.17437744140625,2076600
2024-08-20,172.65167584331311,172.7194278468499,166.05962893281404,166.11770629882812,2701000
2024-08-21,166.87151059408663,169.7214456433537,166.32681696001484,167.2703094482422,2088100
2024-08-22,167.30923582399245,168.43753843697138,166.36574318887276,167.0855255126953,2178700
2024-08-23,168.3694472061747,170.73303189196423,167.931733145734,170.51904296875,1996000
2024-08-26,171.87105566301148,172.71728998298525,168.09710023483018,168.46670532226562,1903200
2024-08-27,168.02901848685516,168.17491328978014,165.14990402754628,165.24717712402344,1657100
2024-08-28,164.38150952199481,167.2508879328666,163.48665338135163,165.2860870361328,2143100
2024-08-29,164.77056688591406,166.84236219084923,162.70850779594852,166.29766845703125,2338700
2024-08-30,165.68485994279186,172.62973386728643,165.31525486477392,172.27957153320312,3460900
2024-09-03,169.76036694168107,170.84975434439957,168.07764929102692,169.0697784423828,3523700
2024-09-04,169.38101981463672,171.94887206280467,166.56027831145315,167.05633544921875,2471300
2024-09-05,167.94146426811295,168.1359955991946,163.49634840186255,163.8562469482422,2879200
2024-09-06,164.33286397150823,165.45144521739863,160.2962827652802,161.46348571777344,2242400
2024-09-09,162.65014260944554,163.12675702614655,158.23420532987913,158.78863525390625,3642700
2024-09-10,159.48895044137083,160.39352783159035,155.79279569424057,159.07069396972656,2800400
2024-09-11,158.72055340194063,159.11935234217665,152.92343865454404,154.27545166015625,3379400
2024-09-12,154.27545257894408,157.4560930626947,154.2462736164888,157.07675170898438,2370200
2024-09-13,158.282827179833,161.27865714565345,157.54360219156135,159.10960388183594,2563100
2024-09-16,160.32546063596976,161.55102150148693,154.70342000943424,156.60984802246094,2151900
2024-09-17,157.12535142496645,159.4889509455416,156.6001153324995,159.3916778564453,1520200
2024-09-18,160.0920148133813,162.45561451514703,157.8354244228984,160.16983032226562,2688300
2024-09-19,161.99842535547234,163.4574324619309,160.30597176893681,161.80389404296875,2132100
2024-09-20,160.37409060087666,160.47134885121957,156.46394679741314,159.89747619628906,7789900
2024-09-23,158.0591356121848,161.88172789093068,157.97159872987555,159.7321319580078,6479400
2024-09-24,161.64827955451636,162.06652117699656,157.70895699666266,158.01048278808594,4663300
2024-09-25,157.62140669008247,161.16193006769805,156.8724455404557,157.2420654296875,2320600
2024-09-26,156.3180453736397,163.9632440589544,156.01650473752775,158.9734344482422,7205700
2024-09-27,159.51814485938695,160.43245855217,157.7089750618223,159.17770385742188,1557500
2024-09-30,158.7886210048827,159.71265595355177,156.84327802166823,158.45791625976562,2312900
2024-10-01,156.30831785636371,162.31943585845548,156.220780977359,161.2884063720703,2556600
2024-10-02,161.84282079214157,162.30969898673294,158.00077108621653,160.8604278564453,2847000
2024-10-03,161.2592236521675,170.83032380940247,159.9753048131647,170.06190490722656,3325800
2024-10-04,171.8808072291089,172.78538470495764,165.6265210410433,167.28005981445312,2241600
2024-10-07,166.54081055393385,169.6922714649474,166.24900614409742,168.5347900390625,2201300
2024-10-08,166.10313562458043,166.3463035280015,152.8553381537815,155.61773681640625,5060600
2024-10-09,154.65477752299023,158.96370539532623,154.07116865222517,158.16612243652344,2243300
2024-10-10,158.13694111147933,162.6598578459816,157.52415329052215,160.34490966796875,1990200
2024-10-11,159.52784348346628,162.29024175589268,158.93451328925713,159.77101135253906,1839400
2024-10-14,158.86644697989553,159.39168308960706,157.6214285758926,158.0591278076172,2086100
2024-10-15,153.62373782760028,155.4329073964676,152.5246142922217,152.7288818359375,2557800
2024-10-16,153.12768203033295,154.46025220749632,152.71916174157175,153.5848388671875,1504900
2024-10-17,154.090637050546,155.4134710542096,152.95261303031788,153.983642578125,2409000
2024-10-18,153.87664962931316,154.8687788523322,152.66081008603194,153.9739227294922,2214800
2024-10-21,154.45051495921066,154.6936828562596,151.89239877467352,152.6219024658203,2203800
2024-10-22,153.19577554113783,154.23654126728633,152.4662718480848,153.91555786132812,1867200
2024-10-23,152.70942921945078,154.29488855243943,148.21569152937212,149.55796813964844,3439000
2024-10-24,150.27774947640236,150.49173839762778,147.70989726348688,148.7020263671875,1550700
2024-10-25,150.06375549726533,150.3847388682847,147.77797157112252,148.19622802734375,1046300
2024-10-28,145.90074727357865,147.3986550818658,144.23747222427158,146.94151306152344,3899000
2024-10-29,146.46490094676005,146.5524378344904,140.94011817748475,141.3097381591797,2827800
2024-10-30,141.26109667279087,142.43803587550894,140.3273402193702,140.80393981933594,2541100
2024-10-31,141.98084252593748,142.62280919876645,140.73582434688052,141.4945068359375,2315800
2024-11-01,142.39910043323422,143.44958742517477,138.93639229783153,139.21847534179688,2149600
2024-11-04,139.79235866705537,142.3796685949077,139.48109664184446,140.97901916503906,2377900
2024-11-05,148.19624652748382,148.23514686134732,142.4866689479551,145.47276306152344,4008600
2024-11-06,150.764095287968,152.6802594928422,148.128148768997,151.00726318359375,3094200
2024-11-07,150.95861519570462,151.44495095009916,148.22541063069366,149.79141235351562,1771900
2024-11-08,149.12027044154522,149.79141617441564,147.1457484156802,149.54824829101562,1718400
2024-11-11,149.27591948369354,151.87295101115092,148.47832160572074,151.79513549804688,1992400
2024-11-12,151.50329542162598,152.1549834936695,150.1610189510267,150.9683380126953,1785600
2024-11-13,150.1804603774774,154.8492861328047,149.88867082672212,154.76174926757812,2448100
2024-11-14,154.81041224844327,155.49127938614504,152.25228124344537,153.8182830810547,1863200
2024-11-15,151.74649680729934,155.6371833568883,151.74649680729934,153.21524047851562,2258800
2024-11-18,154.12954464954737,155.8122623223589,152.96232688350494,155.5496368408203,2099400
2024-11-19,153.89608435043237,156.6973829912832,153.64319510605134,154.46023559570312,1637000
2024-11-20,154.89068280734764,155.98634886201725,153.20804426491617,155.91787719726562,1606800
2024-11-21,156.80808088556026,158.09941424344575,155.01784634527257,155.82980346679688,1505500
2024-11-22,155.87874914234462,157.1700827389742,154.63634733849435,155.0374298095703,1421200
2024-11-25,155.17437693517144,156.52440470247603,152.7971697038712,153.10043334960938,3721200
2024-11-26,153.44283806395086,154.51893440115987,152.44499079386233,153.72653198242188,2072300
2024-11-27,153.74610152933096,155.53635121602036,151.6721429971786,151.98519897460938,1286000
2024-11-29,152.33737396187385,153.14934608064627,150.87973510855997,152.75802612304688,965500
2024-12-02,152.7580375801573,154.15698227658697,150.21452483797876,153.9906768798828,2267100
2024-12-03,154.56785224774447,155.64396351913575,151.91671353040638,152.1123809814453,2035800
2024-12-04,151.2612669419195,151.5351834561875,145.84161599266767,147.1329345703125,2240800
2024-12-05,147.68078154775995,148.20904484253967,144.91225436437213,146.83946228027344,2199100
2024-12-06,147.00578015992946,147.9253634987348,145.7829331513759,147.66122436523438,2684200
2024-12-09,148.59057195462066,152.36672377990277,148.22861404887155,149.65689086914062,2528000
2024-12-10,149.50037290332816,150.44928833368468,146.51662357902214,147.77859497070312,3431500
2024-12-11,147.77860235969393,149.84276855998073,146.36010291642512,148.66883850097656,2796100
2024-12-12,148.35577767658617,148.5905696516476,143.00459852953512,143.10243225097656,2723200
2024-12-13,142.8089460500261,143.2589602705082,141.21436386690476,142.3980712890625,2014600
2024-12-16,141.18501729494903,141.86001623734967,134.89468514848838,135.18817138671875,3518500
2024-12-17,134.19032844499546,137.0664668025646,133.46639769115464,134.99252319335938,4076500
2024-12-18,134.53274447564593,135.28600750652933,131.24573102664357,132.1261749267578,3959500
2024-12-19,132.87944547307447,133.83815332175243,127.87066904058253,128.7902374267578,3895700
2024-12-20,129.1326382031192,130.52179055008517,127.70434639436212,130.482666015625,11493700
2024-12-23,130.6978905250582,131.61745891035804,129.01525189499523,131.0696258544922,3509000
2024-12-24,130.9131029438623,132.4098663330078,129.83699171694,132.4098663330078,1419500
2024-12-26,132.52725385929017,132.8598646260787,131.09896214406598,132.44898986816406,1566500
2024-12-27,132.25334659716927,134.02402660407643,131.03049963910286,132.72291564941406,1770100
2024-12-30,132.62510232887098,134.1805601412392,131.59790785618816,132.65444946289062,2010900
2024-12-31,132.89901925778304,136.71429596494175,132.75226865991897,136.4697265625,2179400
